-- --------------------------------------------------------
-- Host:                         127.0.0.1
-- Server version:               10.1.13-MariaDB - mariadb.org binary distribution
-- Server OS:                    Win32
-- HeidiSQL Version:             9.5.0.5196
-- --------------------------------------------------------

/*!40101 SET @OLD_CHARACTER_SET_CLIENT=@@CHARACTER_SET_CLIENT */;
/*!40101 SET NAMES utf8 */;
/*!50503 SET NAMES utf8mb4 */;
/*!40014 SET @OLD_FOREIGN_KEY_CHECKS=@@FOREIGN_KEY_CHECKS, FOREIGN_KEY_CHECKS=0 */;
/*!40101 SET @OLD_SQL_MODE=@@SQL_MODE, SQL_MODE='NO_AUTO_VALUE_ON_ZERO' */;


-- Dumping database structure for comparison
CREATE DATABASE IF NOT EXISTS `comparison` /*!40100 DEFAULT CHARACTER SET latin1 */;
USE `comparison`;

-- Dumping structure for table comparison.comparison
CREATE TABLE IF NOT EXISTS `comparison` (
  `id` int(11) NOT NULL AUTO_INCREMENT,
  `price` float NOT NULL,
  `site_url` text NOT NULL,
  `isbn` bigint(20) NOT NULL COMMENT 'FK- isbn in "manga_volume"',
  PRIMARY KEY (`id`),
  KEY `isbn` (`isbn`)
) ENGINE=InnoDB AUTO_INCREMENT=165 DEFAULT CHARSET=latin1;

-- Dumping data for table comparison.comparison: ~109 rows (approximately)
/*!40000 ALTER TABLE `comparison` DISABLE KEYS */;
REPLACE INTO `comparison` (`id`, `price`, `site_url`, `isbn`) VALUES
	(1, 9.69, 'https://www.hive.co.uk/Product/Tite-Kubo/Bleach-3-in-1-Edition-Vol-2--Includes-vols-4-5--6/6132920', 9781421539935),
	(2, 6.45, 'https://www.hive.co.uk/Product/Tite-Kubo/Bleach-Vol-1/6725862', 9781591164418),
	(3, 10.15, 'https://www.hive.co.uk/Product/Tite-Kubo/Bleach-MASKED-Official-Character-Book-2/10727278', 9781421542300),
	(4, 6.45, 'https://www.hive.co.uk/Product/Tite-Kubo/Bleach-Vol-5/6725866', 9781591164456),
	(5, 6.45, 'https://www.hive.co.uk/Product/Tite-Kubo/Bleach-Vol-7/6725972', 9781591168072),
	(6, 6.45, 'https://www.hive.co.uk/Product/Tite-Kubo/Bleach-Vol-6/6725944', 9781591167280),
	(7, 6.45, 'https://www.hive.co.uk/Product/Tite-Kubo/Bleach-Vol-10/6131645', 9781421500812),
	(8, 6.45, 'https://www.hive.co.uk/Product/Tite-Kubo/Bleach-Vol-62/16087565', 9781421576817),
	(9, 6.45, 'https://www.hive.co.uk/Product/Tite-Kubo/Bleach-Vol-12/6131749', 9781421504032),
	(10, 6.45, 'https://www.hive.co.uk/Product/Tite-Kubo/Bleach-Vol-13/6131845', 9781421506111),
	(11, 6.45, 'https://www.hive.co.uk/Product/Tite-Kubo/Bleach-Vol-15/6131847', 9781421506135),
	(12, 6.45, 'https://www.hive.co.uk/Product/Tite-Kubo/Bleach-Vol-66/18122643', 9781421582627),
	(13, 6.45, 'https://www.hive.co.uk/Product/Tite-Kubo/Bleach-Vol-17/6131995', 9781421510415),
	(14, 6.45, 'https://www.hive.co.uk/Product/Tite-Kubo/Bleach-Vol-14/6131846', 9781421506128),
	(15, 5.95, 'https://www.hive.co.uk/Product/Tite-Kubo/Bleach-Vol-71/20875372', 9781421590950),
	(16, 6.45, 'https://www.hive.co.uk/Product/Tite-Kubo/Bleach-Vol-40/10727261', 9781421541372),
	(17, 6.45, 'https://www.hive.co.uk/Product/Tite-Kubo/Bleach-Vol-24/6132165', 9781421516035),
	(18, 6.45, 'https://www.hive.co.uk/Product/Tite-Kubo/Bleach-Vol-63/16251868', 9781421578552),
	(19, 6.45, 'https://www.hive.co.uk/Product/Tite-Kubo/Bleach-Vol-27/6132474', 9781421523859),
	(20, 6.45, 'https://www.hive.co.uk/Product/Tite-Kubo/Bleach-Vol-67/18924934', 9781421585062),
	(21, 6.45, 'https://www.hive.co.uk/Product/Tite-Kubo/Bleach-Vol-35/6132718', 9781421533124),
	(22, 7.75, 'https://www.hive.co.uk/Product/Tite-Kubo/Bleach-Vol-38/10727194', 9781421535975),
	(23, 6.45, 'https://www.hive.co.uk/Product/Tite-Kubo/Bleach-Vol-2/6725863', 9781591164425),
	(24, 94.25, 'https://www.hive.co.uk/Product/Tite-Kubo/Bleach-Box-Set-1--Volumes-1-21-with-Premium/16478967', 9781421526102),
	(25, 6.45, 'https://www.hive.co.uk/Product/Tite-Kubo/Bleach-Vol-8/6725993', 9781591168720),
	(26, 6.45, 'https://www.hive.co.uk/Product/Tite-Kubo/Bleach-Vol-60/15569149', 9781421564586),
	(27, 6.45, 'https://www.hive.co.uk/Product/Tite-Kubo/Bleach-Vol-16/6131848', 9781421506142),
	(28, 6.45, 'https://www.hive.co.uk/Product/Tite-Kubo/Bleach-Vol-19/6131997', 9781421510439),
	(29, 6.45, 'https://www.hive.co.uk/Product/Tite-Kubo/Bleach-Vol-18/6131996', 9781421510422),
	(30, 5.95, 'https://www.hive.co.uk/Product/Tite-Kubo/Bleach-Vol-20/6131998', 9781421510446),
	(31, 6.45, 'https://www.hive.co.uk/Product/Tite-Kubo/Bleach-Vol-11/6131712', 9781421502717),
	(32, 7.89, 'https://www.hive.co.uk/Product/Tite-Kubo/Color-Bleach-Bleach-Official-Bootleg/6132694', 9781421532271),
	(33, 6.45, 'https://www.hive.co.uk/Product/Tite-Kubo/Bleach-Vol-30/6132477', 9781421523880),
	(34, 5.95, 'https://www.hive.co.uk/Product/Tite-Kubo/Bleach-Vol-70/20522344', 9781421588674),
	(35, 6.45, 'https://www.hive.co.uk/Product/Tite-Kubo/Bleach-Vol-74/22711935', 9781421596020),
	(36, 5.95, 'https://www.hive.co.uk/Product/Tite-Kubo/Bleach-Vol-50/14037725', 9781421543031),
	(37, 5.95, 'https://www.hive.co.uk/Product/Tite-Kubo/Bleach-Vol-73/21951271', 9781421594347),
	(38, 104.35, 'https://www.hive.co.uk/Product/Tite-Kubo/Bleach-Box-Set-2--Volumes-22-48-with-Premium/17066409', 9781421580814),
	(39, 6.45, 'https://www.hive.co.uk/Product/Tite-Kubo/Bleach-Vol-69/20114934', 9781421587011),
	(40, 6.45, 'https://www.hive.co.uk/Product/Tite-Kubo/Bleach-Vol-56/14522516', 9781421554761),
	(41, 6.45, 'https://www.hive.co.uk/Product/Hideyuki-Furuhashi/My-Hero-Academia-Vigilantes-Vol-13/27147447', 9781974732371),
	(42, 6.45, 'https://www.hive.co.uk/Product/Yoko-Akiyama/My-Hero-Academia-Team-Up-Missions-Vol-2/26428851', 9781974727179),
	(43, 7.75, 'https://www.hive.co.uk/Product/Anri-Yoshi/My-Hero-Academia-School-Briefs-Vol-6/27400019', 9781974734252),
	(44, 6.45, 'https://www.hive.co.uk/Product/Kohei-Horikoshi/My-Hero-Academia-Vol-1/17159840', 9781421582696),
	(45, 6.45, 'https://www.hive.co.uk/Product/Hideyuki-Furuhashi/My-Hero-Academia-Vigilantes-Vol-12/26493252', 9781974727162),
	(46, 6.45, 'https://www.hive.co.uk/Product/Yoko-Akiyama/My-Hero-Academia-Team-Up-Missions-Vol-1/25379804', 9781974721559),
	(47, 6.65, 'https://www.hive.co.uk/Product/Anri-Yoshi/My-Hero-Academia-School-Briefs-Vol-2--Training-Camp/23745877', 9781421582719),
	(48, 7.75, 'https://www.hive.co.uk/Product/Kohei-Horikoshi/My-Hero-Academia-Vol-32/27098182', 9781974732364),
	(49, 10.15, 'https://www.hive.co.uk/Product/Kohei-Horikoshi/My-Hero-Academia-Ultra-Analysis-The-Official-Character-Guide/25826810', 9781974724475),
	(50, 6.45, 'https://www.hive.co.uk/Product/Hideyuki-Furuhashi/My-Hero-Academia-Vigilantes-Vol-1/21950598', 9781974701599),
	(51, 6.45, 'https://www.hive.co.uk/Product/Hideyuki-Furuhashi/My-Hero-Academia-Vigilantes-Vol-11/25943833', 9781974725168),
	(52, 7.75, 'https://www.hive.co.uk/Product/Anri-Yoshi/My-Hero-Academia-School-Briefs-Vol-5/25916029', 9781974724079),
	(53, 6.45, 'https://www.hive.co.uk/Product/Hideyuki-Furuhashi/My-Hero-Academia-Vigilantes-Vol-2/22648374', 9781974701858),
	(54, 6.45, 'https://www.hive.co.uk/Product/Yuki-Tabata/Black-Clover-Vol-30/27327825', 9781974732319),
	(55, 7.75, 'https://www.hive.co.uk/Product/Yuki-Tabata/Black-Clover-Vol-31/27522663', 9781974734368),
	(56, 6.45, 'https://www.hive.co.uk/Product/Yuki-Tabata/Black-Clover-Vol-24/25279361', 9781974720002),
	(57, 6.45, 'https://www.hive.co.uk/Product/Yuki-Tabata/Black-Clover-Vol-29/26838388', 9781974730025),
	(58, 7.75, 'https://www.hive.co.uk/Product/Yuki-Tabata/Black-Clover-Vol-27/25943831', 9781974725144),
	(59, 7.75, 'https://www.hive.co.uk/Product/Yuki-Tabata/Black-Clover-Vol-28/26558772', 9781974727186),
	(60, 6.45, 'https://www.hive.co.uk/Product/Yuki-Tabata/Black-Clover-Vol-2/19200796', 9781421587196),
	(61, 6.45, 'https://www.hive.co.uk/Product/Yuki-Tabata/Black-Clover-Vol-10/21452528', 9781421597638),
	(62, 6.45, 'https://www.hive.co.uk/Product/Yuki-Tabata/Black-Clover-Vol-8/20851603', 9781421595177),
	(63, 6.45, 'https://www.hive.co.uk/Product/Yuki-Tabata/Black-Clover-Vol-13/22713420', 9781974701049),
	(64, 6.45, 'https://www.hive.co.uk/Product/Yuki-Tabata/Black-Clover-Vol-12/22230836', 9781974700400),
	(65, 6.45, 'https://www.hive.co.uk/Product/Yuki-Tabata/Black-Clover-Vol-20/24445646', 9781974710171),
	(66, 6.45, 'https://www.hive.co.uk/Product/Yuki-Tabata/Black-Clover-Vol-17/23867632', 9781974706167),
	(67, 7.75, 'https://www.hive.co.uk/Product/Yuki-Tabata/Black-Clover-Vol-15/24205482', 9781974704545),
	(68, 6.45, 'https://www.hive.co.uk/Product/Yuki-Tabata/Black-Clover-Vol-21/24703874', 9781974714766),
	(69, 6.45, 'https://www.hive.co.uk/Product/Yuki-Tabata/Black-Clover-Vol-26/25738448', 9781974723379),
	(70, 6.45, 'https://www.hive.co.uk/Product/Yuki-Tabata/Black-Clover-Vol-23/25173059', 9781974718108),
	(71, 6.45, 'https://www.hive.co.uk/Product/Yuki-Tabata/Black-Clover-Vol-22/24893599', 9781974715015),
	(72, 6.45, 'https://www.hive.co.uk/Product/Yuki-Tabata/Black-Clover-Vol-1/18626428', 9781421587189),
	(73, 6.45, 'https://www.hive.co.uk/Product/Yuki-Tabata/Black-Clover-Vol-3/19212479', 9781421587202),
	(74, 6.45, 'https://www.hive.co.uk/Product/Yuki-Tabata/Black-Clover-Vol-4/19212492', 9781421590233),
	(75, 6.45, 'https://www.hive.co.uk/Product/Yuki-Tabata/Black-Clover-Vol-6/20362261', 9781421591582),
	(76, 6.45, 'https://www.hive.co.uk/Product/Yuki-Tabata/Black-Clover-Vol-7/20683271', 9781421594323),
	(77, 6.45, 'https://www.hive.co.uk/Product/Yuki-Tabata/Black-Clover-Vol-9/20966678', 9781421596464),
	(78, 6.45, 'https://www.hive.co.uk/Product/Yuki-Tabata/Black-Clover-Vol-19/24145895', 9781974708789),
	(79, 5.95, 'https://www.hive.co.uk/Product/Yuki-Tabata/Black-Clover-Vol-11/21876364', 9781421598185),
	(80, 5.95, 'https://www.hive.co.uk/Product/Yuki-Tabata/Black-Clover-Vol-18/23869079', 9781974707416),
	(81, 6.45, 'https://www.hive.co.uk/Product/Yuki-Tabata/Black-Clover-Vol-16/23728313', 9781974705139),
	(82, 6.45, 'https://www.hive.co.uk/Product/Yuki-Tabata/Black-Clover-Vol-25/25606800', 9781974721818),
	(83, 6.45, 'https://www.hive.co.uk/Product/Yuki-Tabata/Black-Clover-Vol-14/22872643', 9781974702213),
	(84, 7.75, 'https://www.hive.co.uk/Product/Yuki-Tabata/Black-Clover-Vol-32/27400053', 9781974736256),
	(85, 6.45, 'https://www.hive.co.uk/Product/Kohei-Horikoshi/My-Hero-Academia-Vol-3/18079208', 9781421585109),
	(86, 7.75, 'https://www.hive.co.uk/Product/Kohei-Horikoshi/My-Hero-Academia-Vol-33/27400028', 9781974734740),
	(87, 6.45, 'https://www.hive.co.uk/Product/Kohei-Horikoshi/My-Hero-Academia-Vol-8/20320558', 9781421591674),
	(88, 6.45, 'https://www.hive.co.uk/Product/Kohei-Horikoshi/My-Hero-Academia-Vol-6/19212489', 9781421588667),
	(89, 6.45, 'https://www.hive.co.uk/Product/Kohei-Horikoshi/My-Hero-Academia-Vol-31/26785611', 9781974732128),
	(90, 6.45, 'https://www.hive.co.uk/Product/Kohei-Horikoshi/My-Hero-Academia-Vol-7/20100686', 9781421590400),
	(91, 6.45, 'https://www.hive.co.uk/Product/Kohei-Horikoshi/My-Hero-Academia-Vol-9/20528516', 9781421593401),
	(92, 6.45, 'https://www.hive.co.uk/Product/Kohei-Horikoshi/My-Hero-Academia-Vol-14/22230277', 9781421599472),
	(93, 6.45, 'https://www.hive.co.uk/Product/Kohei-Horikoshi/My-Hero-Academia-Vol-15/22648366', 9781974701001),
	(94, 6.45, 'https://www.hive.co.uk/Product/Kohei-Horikoshi/My-Hero-Academia-Vol-30/26453595', 9781974727155),
	(95, 6.45, 'https://www.hive.co.uk/Product/Kohei-Horikoshi/My-Hero-Academia-Vol-13/21926189', 9781421598031),
	(96, 6.45, 'https://www.hive.co.uk/Product/Kohei-Horikoshi/My-Hero-Academia-Vol-28/25773286', 9781974722884),
	(97, 6.45, 'https://www.hive.co.uk/Product/Kohei-Horikoshi/My-Hero-Academia-Vol-25/25260869', 9781974717620),
	(98, 6.45, 'https://www.hive.co.uk/Product/Kohei-Horikoshi/My-Hero-Academia-Vol-2/17820841', 9781421582702),
	(99, 7.75, 'https://www.hive.co.uk/Product/Kohei-Horikoshi/My-Hero-Academia-Vol-4/18122212', 9781421585116),
	(100, 6.45, 'https://www.hive.co.uk/Product/Kohei-Horikoshi/My-Hero-Academia-Vol-5/19204465', 9781421587028),
	(101, 6.45, 'https://www.hive.co.uk/Product/Kohei-Horikoshi/My-Hero-Academia-Vol-10/20875366', 9781421594378),
	(102, 6.45, 'https://www.hive.co.uk/Product/Kohei-Horikoshi/My-Hero-Academia-Vol-11/21452516', 9781421595832),
	(103, 6.45, 'https://www.hive.co.uk/Product/Kohei-Horikoshi/My-Hero-Academia-Vol-23/24278312', 9781974709663),
	(104, 6.45, 'https://www.hive.co.uk/Product/Kohei-Horikoshi/My-Hero-Academia-Vol-18/22872660', 9781974704378),
	(105, 6.45, 'https://www.hive.co.uk/Product/Kohei-Horikoshi/My-Hero-Academia-Vol-24/24703864', 9781974711208),
	(106, 6.45, 'https://www.hive.co.uk/Product/Kohei-Horikoshi/My-Hero-Academia-Vol-17/22865746', 9781974702565),
	(107, 6.45, 'https://www.hive.co.uk/Product/Kohei-Horikoshi/My-Hero-Academia-Vol-16/22629588', 9781974702558),
	(108, 5.95, 'https://www.hive.co.uk/Product/Kohei-Horikoshi/My-Hero-Academia-Vol-20/23846377', 9781974707737),
	(109, 6.45, 'https://www.hive.co.uk/Product/Kohei-Horikoshi/My-Hero-Academia-Vol-12/22357047', 9781421597010),
	(110, 6.45, 'https://www.hive.co.uk/Product/Kohei-Horikoshi/My-Hero-Academia-Vol-21/24035935', 9781974709502),
	(111, 5.95, 'https://www.hive.co.uk/Product/Kohei-Horikoshi/My-Hero-Academia-Vol-19/24053405', 9781974704606),
	(112, 6.45, 'https://www.hive.co.uk/Product/Kohei-Horikoshi/My-Hero-Academia-Vol-22/23876723', 9781974709656),
	(113, 6.45, 'https://www.hive.co.uk/Product/Kohei-Horikoshi/My-Hero-Academia-Vol-27/25571562', 9781974721016),
	(114, 6.45, 'https://www.hive.co.uk/Product/Kohei-Horikoshi/My-Hero-Academia-Vol-29/25828885', 9781974725106),
	(115, 6.45, 'https://www.hive.co.uk/Product/Kohei-Horikoshi/My-Hero-Academia-Vol-26/25280029', 9781974719778),
	(116, 12, 'URL', 123),
	(117, 7.75, 'https://www.hive.co.uk/Product/Akira-Toriyama/Dragon-Ball-Super-Vol-17/27522664', 9781974734511),
	(118, 6.45, 'https://www.hive.co.uk/Product/Akira-Toriyama/Dragon-Ball-Z-Vol-1/6627743', 9781569319307),
	(119, 9.69, 'https://www.hive.co.uk/Product/Akira-Toriyama/Dragon-Ball-3-in-1-Edition-Vol-1--Includes-vols-1-2--3/14769656', 9781421555645),
	(120, 6.45, 'https://www.hive.co.uk/Product/Akira-Toriyama/Dragon-Ball-Vol-1/6627733', 9781569319208),
	(121, 6.45, 'https://www.hive.co.uk/Product/Akira-Toriyama/Dragon-Ball-Super-Vol-14/25828883', 9781974724635),
	(122, 6.45, 'https://www.hive.co.uk/Product/Akira-Toriyama/Dragon-Ball-Super-Vol-16/26840649', 9781974732111),
	(123, 7.75, 'https://www.hive.co.uk/Product/Akira-Toriyama/Dragon-Ball-Super-Vol-15/26084012', 9781974725175),
	(124, 6.45, 'https://www.hive.co.uk/Product/Akira-Toriyama/Dragon-Ball-Super-Vol-2/20978602', 9781421596471),
	(125, 6.45, 'https://www.hive.co.uk/Product/Akira-Toriyama/Dragon-Ball-Super-Vol-4/22729345', 9781974701445),
	(126, 6.45, 'https://www.hive.co.uk/Product/Akira-Toriyama/Dragon-Ball-Super-Vol-9/24703868', 9781974712366),
	(127, 6.45, 'https://www.hive.co.uk/Product/Akira-Toriyama/Dragon-Ball-Super-Vol-8/24445645', 9781974709410),
	(128, 6.45, 'https://www.hive.co.uk/Product/Akira-Toriyama/Dragon-Ball-Super-Vol-7/23869081', 9781974707775),
	(129, 6.45, 'https://www.hive.co.uk/Product/Akira-Toriyama/Dragon-Ball-Super-Vol-5/23937802', 9781974704583),
	(130, 6.45, 'https://www.hive.co.uk/Product/Akira-Toriyama/Dragon-Ball-Super-Vol-10/24932585', 9781974715268),
	(131, 6.45, 'https://www.hive.co.uk/Product/Akira-Toriyama/Dragon-Ball-Super-Vol-12/25379795', 9781974720019),
	(132, 6.45, 'https://www.hive.co.uk/Product/Akira-Toriyama/Dragon-Ball-Super-Vol-11/25297185', 9781974717613),
	(133, 6.45, 'https://www.hive.co.uk/Product/Akira-Toriyama/Dragon-Ball-Super-Vol-13/25718719', 9781974722815),
	(134, 9.69, 'https://www.hive.co.uk/Product/Akira-Toriyama/Dragon-Ball-3-in-1-Edition-Vol-6--Includes-vols-16-17--18/15974423', 9781421564715),
	(135, 6.45, 'https://www.hive.co.uk/Product/Akira-Toriyama/Dragon-Ball-Z-Vol-2/6627744', 9781569319314),
	(136, 6.45, 'https://www.hive.co.uk/Product/Akira-Toriyama/Dragon-Ball-Vol-4/6627736', 9781569319239),
	(137, 9.69, 'https://www.hive.co.uk/Product/Akira-Toriyama/Dragon-Ball-3-in-1-Edition-Vol-3--Includes-vols-7-8--9/15081202', 9781421555669),
	(138, 6.45, 'https://www.hive.co.uk/Product/Akira-Toriyama/Dragon-Ball-Z-Vol-12/6627763', 9781569319857),
	(139, 6.45, 'https://www.hive.co.uk/Product/Akira-Toriyama/Dragon-Ball-Z-Vol-6/6627748', 9781569319352),
	(140, 6.45, 'https://www.hive.co.uk/Product/Akira-Toriyama/Dragon-Ball-Z-Vol-8/6627750', 9781569319376),
	(141, 9.69, 'https://www.hive.co.uk/Product/Masashi-Kishimoto/Naruto-3-in-1-Edition-Vol-2--Includes-vols-4-5--6/6132917', 9781421539904),
	(142, 6.65, 'https://www.hive.co.uk/Product/Masashi-Kishimoto/Naruto-Vol-2/6725769', 9781591161783),
	(143, 9.69, 'https://www.hive.co.uk/Product/Masashi-Kishimoto/Naruto-3-in-1-Edition-Vol-3--Includes-vols-7-8--9/6132918', 9781421539911),
	(144, 6.45, 'https://www.hive.co.uk/Product/Masashi-Kishimoto/Naruto-Vol-5/6725832', 9781591163596),
	(145, 9.69, 'https://www.hive.co.uk/Product/Masashi-Kishimoto/Naruto-3-in-1-Edition-Vol-7--Includes-vols-19-20--21/15191566', 9781421554952),
	(146, 9.69, 'https://www.hive.co.uk/Product/Masashi-Kishimoto/Naruto-3-in-1-Edition-Vol-4--Includes-vols-10-11--12/14409958', 9781421554884),
	(147, 6.45, 'https://www.hive.co.uk/Product/Masashi-Kishimoto/Boruto-Naruto-Next-Generations-Vol-15/27399026', 9781974732326),
	(148, 6.45, 'https://www.hive.co.uk/Product/Masashi-Kishimoto/Boruto-Naruto-Next-Generations-Vol-14/27019304', 9781974729678),
	(149, 11.25, 'https://www.hive.co.uk/Product/Masashi-Kishimoto/Naruto-The-Official-Character-Data-Book/10727259', 9781421541259),
	(150, 6.45, 'https://www.hive.co.uk/Product/Masashi-Kishimoto/Naruto-Vol-1/6627728', 9781569319000),
	(151, 6.45, 'https://www.hive.co.uk/Product/Masashi-Kishimoto/Naruto-Vol-10/6131702', 9781421502403),
	(152, 7.75, 'https://www.hive.co.uk/Product/Masashi-Kishimoto/Boruto-Naruto-Next-Generations-Vol-16/27400026', 9781974734726),
	(153, 6.45, 'https://www.hive.co.uk/Product/Masashi-Kishimoto/Naruto-Vol-15/6132018', 9781421510897),
	(154, 6.45, 'https://www.hive.co.uk/Product/Masashi-Kishimoto/Naruto-Vol-16/6132019', 9781421510903),
	(155, 6.45, 'https://www.hive.co.uk/Product/Masashi-Kishimoto/Naruto-Vol-17/6132191', 9781421516523),
	(156, 6.45, 'https://www.hive.co.uk/Product/Masashi-Kishimoto/Naruto-Vol-19/6132193', 9781421516547),
	(157, 6.45, 'https://www.hive.co.uk/Product/Masashi-Kishimoto/Naruto-Vol-45/6132660', 9781421531359),
	(158, 6.45, 'https://www.hive.co.uk/Product/Masashi-Kishimoto/Naruto-Vol-50/6132784', 9781421534978),
	(159, 6.45, 'https://www.hive.co.uk/Product/Masashi-Kishimoto/Naruto-Vol-27/6132279', 9781421518633),
	(160, 6.45, 'https://www.hive.co.uk/Product/Masashi-Kishimoto/Naruto-Vol-57/11301284', 9781421543062),
	(161, 6.45, 'https://www.hive.co.uk/Product/Masashi-Kishimoto/Naruto-Vol-69/16375991', 9781421578569),
	(162, 6.45, 'https://www.hive.co.uk/Product/Masashi-Kishimoto/Naruto-Vol-24/6132276', 9781421518602),
	(163, 9.69, 'https://www.hive.co.uk/Product/Masashi-Kishimoto/Naruto-3-in-1-Edition-Vol-8--Includes-vols-22-23--24/15803458', 9781421564517),
	(164, 9.69, 'https://www.hive.co.uk/Product/Masashi-Kishimoto/Naruto-3-in-1-Edition-Vol-14--Includes-vols-40-41--42/18121815', 9781421582542);
/*!40000 ALTER TABLE `comparison` ENABLE KEYS */;

-- Dumping structure for table comparison.manga
CREATE TABLE IF NOT EXISTS `manga` (
  `id` int(11) NOT NULL AUTO_INCREMENT,
  `description` text NOT NULL,
  `cover_url` text NOT NULL,
  `author` text NOT NULL,
  `publisher` text NOT NULL,
  `title` text NOT NULL,
  PRIMARY KEY (`id`)
) ENGINE=InnoDB AUTO_INCREMENT=165 DEFAULT CHARSET=latin1;

-- Dumping data for table comparison.manga: ~112 rows (approximately)
/*!40000 ALTER TABLE `manga` DISABLE KEYS */;
REPLACE INTO `manga` (`id`, `description`, `cover_url`, `author`, `publisher`, `title`) VALUES
	(1, 'Description\nContaining volumes 4, 5 and 6 of Bleach. A new reality-show craze is sweeping the nation, garnering legions of screaming fans (the majority of them being teenaged girls).\nBut this program comes with a supernatural twist - the host, a media-savvy spiritualist, travels to local hotspots and performs exorcisms, live on national TV!\nSurly Soul Reaper Ichigo Kurosaki has his doubts about this primetime prima donna, and his assumptions are about to be put to the test - the show is heading straight for his neighborhood!\nWhat effect will this unprovoked media presence have on the fragile balance between … read more', 'https://hive.dmmserver.com/media/640/97814215/9781421539935.jpg', 'Tite Kubo', 'Viz Media, Subs. of Shogakukan Inc', 'Bleach (3-in-1 Edition), Vol. 2 : Includes vols. 4, 5 & 6'),
	(2, 'Description\nIchigo Kurosaki has always been able to see ghosts, but this ability doesn\'t change his life nearly as much as his close encounter with Rukia Kuchiki, a Soul Reaper and member of the mysterious Soul Society.\nWhile fighting a Hollow, an evil spirit that preys on humans who display psychic energy, Rukia attempts to lend Ichigo some of her powers so that he can save his family; but much to her surprise, Ichigo absorbs every last drop of her energy.\nNow a fully-fledged Soul Reaper himself, Ichigo quickly learns that the world he inhabits is one full of dangerous spirits, and along with Rukia, who … read more', 'https://hive.dmmserver.com/media/640/97815911/9781591164418.jpg', 'Tite Kubo', 'Viz Media, Subs. of Shogakukan Inc', 'Bleach, Vol. 1'),
	(3, 'Description\nUncover the secrets of Bleach! This profile book contains extensive information on the characters and story from Bleach volumes 21-37.\nIt includes exclusive colour art, a poster, bonus materials and an interview with Tite Kubo.\nStep into the ghostly world of Bleach like never before!', 'https://hive.dmmserver.com/media/640/97814215/9781421542300.jpg', 'Tite Kubo', 'Viz Media, Subs. of Shogakukan Inc', 'Bleach MASKED: Official Character Book 2'),
	(4, 'Description\nIchigo Kurosaki thought that Soul Reapers were the only ones hunting Hollows, but he was wrong.\nEnter Uryu Ishida, a Quincy, and possibly the last member of a powerful clan that died out over 200 years ago.\nUnlike Soul Reapers who strive to cleanse Hollows of their sins and send them to the Soul Society, Quincys adopt a more direct approach - they kill Hollows without hesitation.\nTo demonstrate the supremacy of the Quincys\' ways, Uryu challenges Ichigo to a contest - bait is spread around the city, attracting a large number of unstable Hollows.\nWhoever defeats the most wins, regardless of the … read more', 'https://hive.dmmserver.com/media/640/97815911/9781591164456.jpg', 'Tite Kubo', 'Viz Media, Subs. of Shogakukan Inc', 'Bleach, Vol. 5'),
	(5, 'Description\nRukia Kuchiki, the ex-Soul Reaper responsible for Ichigo\'s transformation, is on the lam.\nHer brethren at the Soul Society are quite displeased with the fact that she transferred the powers of a Soul Reaper to a human and have dispatched two of their strongest agents to neutralize the situation.\nTheir mission is twofold: to return Rukia to the Soul Society so that she may pay for her crime and to deal with Ichigo, permanently.\nBut an unlikely third party is standing in their way: Uryu Ishida, the Quincy!', 'https://hive.dmmserver.com/media/640/97815911/9781591168072.jpg', 'Tite Kubo', 'Viz Media, Subs. of Shogakukan Inc', 'Bleach, Vol. 7'),
	(6, 'Description\nIchigo Kurosaki may not know this, but the world he lives in is one predicated on balance - between the living and the dead, between everyday life and the Soul Society.\nSoul Reapers aren\'t merely fighting Hollows, they are charged with the grand task of equalizing the balance between this life and the next.\nNaturally, if too much energy is channeled to one side, really bad things will happen, just as they\'re happening now!\nIchigo and Uryu\'s competition inadvertently results in generating a leviathan of a Hollow whose sheer size is capable of tearing the Soul Reaper\'s delicately constructed … read more', 'https://hive.dmmserver.com/media/640/97815911/9781591167280.jpg', 'Tite Kubo', 'Viz Media, Subs. of Shogakukan Inc', 'Bleach, Vol. 6'),
	(7, 'Description\nIchigo Kurosaki never asked for the ability to see ghosts - he was born with the gift.\nWhen his family is attacked by a Hollow, a malevolent lost soul, Ichigo becomes a Soul Reaper, dedicating his life to protecting the innocent and helping the tortured spirits themselves find peace.\nFind out why Tite Kubo\'s Bleachhas become an international manga smash-hit!\nWith the help of Kukaku, a one-armed explosives expert and old friend of the mysterious talking cat Yoruichi, Ichigo and crew are one step closer to infiltrating the Soul Society and rescuing their friend Rukia before she is executed.\nFor … read more', 'https://hive.dmmserver.com/media/640/97814215/9781421500812.jpg', 'Tite Kubo', 'Viz Media, Subs. of Shogakukan Inc', 'Bleach, Vol. 10'),
	(8, 'Description\nIchigo Kurosaki never asked for the ability to see ghosts - he was born with the gift.\nWhen his family is attacked by a Hollow - a malevolent lost soul - Ichigo becomes a Soul Reaper, dedicating his life to protecting the innocent and helping the tortured spirits themselves find peace.\nFind out why Tite Kubo\'s Bleach has become an international manga smash-hit!\nUnable to use their Bankai special abilities, the Soul Reaper captains are at a severe disadvantage against the invading Quincy army.\nUrahara has a plan to turn the tide of battle but will it be enough as the Quincies continue their onslaught?!', 'https://hive.dmmserver.com/media/640/97814215/9781421576817.jpg', 'Tite Kubo', 'Viz Media, Subs. of Shogakukan Inc', 'Bleach, Vol. 62'),
	(9, 'Description\nWith reports of powerful intruders defeating a number of assistant captains, the inner sanctum of the Soul Society - the Seireitei, the home of the Soul Reapers - is put on a state of high alert.\nMatters are further compounded by the mysterious death of a prominent captain.\nIs his death a cover-up to prevent a valuable secret from being exposed?\nMeanwhile, Ichigo confronts Kenpachi Zaraki, captain of the eleventh company, and by far the most brutal fighter in the Seireitei!', 'https://hive.dmmserver.com/media/640/97814215/9781421504032.jpg', 'Tite Kubo', 'Viz Media, Subs. of Shogakukan Inc', 'Bleach, Vol. 12'),
	(10, 'Description\nThe UndeadChad has stormed his way into the heart of the Soul Society, the Seireitei, only to meet his match in the devastatingly efficient Captain Kyoraku.\nMeanwhile, Ichigo struggles in his battle against Kenpachi Zaraki, the captain of the 11th company.\nAlthough Ichigo succeeds in drawing blood, the secret of Kenpachi\'s zanpaku-to may be his undoing.\nBefore Ichigo realizes it, Kenpachi\'s blade has pierced his heart!', 'https://hive.dmmserver.com/media/640/97814215/9781421506111.jpg', 'Tite Kubo', 'Viz Media, Subs. of Shogakukan Inc', 'Bleach, Vol. 13'),
	(11, 'Description\nBeginning of the Death of TomorrowDuring a bloody confrontation with a sadistic Soul Reaper, Uryu chooses a path that will temporarily grant him enormous power, at great personal cost.\nMeanwhile, Ichigo races to master a powerful technique that will help him fight Byakuka and, hopefully, save Rukia from execution.', 'https://hive.dmmserver.com/media/640/97814215/9781421506135.jpg', 'Tite Kubo', 'Viz Media, Subs. of Shogakukan Inc', 'Bleach, Vol. 15'),
	(12, 'Description\nIchigo Kurosaki never asked for the ability to see ghosts--he was born with the gift.\nWhen his family is attacked by a Hollow--a malevolent lost soul--Ichigo becomes a Soul Reaper, dedicating his life to protecting the innocent and helping the tortured spirits themselves find peace.\nFind out why Tite Kubo\'s Bleach has become an international manga smash-hit!\nHitsugaya and Mayuri join the action as the war between the Soul Reapers and the Quincies continues.\nMeanwhile, Yhwach enters Reiokyu and faces off against the royal palace\'s defenders, Squad Zero!', 'https://hive.dmmserver.com/media/640/97814215/9781421582627.jpg', 'Tite Kubo', 'Viz Media, Subs. of Shogakukan Inc', 'Bleach, Vol. 66'),
	(13, 'Description\nThe rebellion within the Soul Society grows as doubts spread about the death sentence of ex-Soul Reaper Rukia Kuchiki.\nDetermined to save her, Rukia\'s childhood friend Renji vows to cut down the captain of his own squad, unaware of the terrifying fate that awaits him.', 'https://hive.dmmserver.com/media/640/97814215/9781421510415.jpg', 'Tite Kubo', 'Viz Media, Subs. of Shogakukan Inc', 'Bleach, Vol. 17'),
	(14, 'Description\nWhite Tower RocksIchigo and Yoruichi race to save Ichigo\'s friends from Rukia\'s cold-blooded brother, Byakuya Kukichi.\nThey arrive to find Ganju in tatters, and Rukia with him.\nIchigo is bent on defeating her brother this time, but he is nowhere near prepared.\nCan he learn decades\' worth of skill in just a matter of days?', 'https://hive.dmmserver.com/media/640/97814215/9781421506128.jpg', 'Tite Kubo', 'Viz Media, Subs. of Shogakukan Inc', 'Bleach, Vol. 14'),
	(15, 'Description\nPart-time student, full-time Soul Reaper, Ichigo is one of the chosen few guardians of the afterlife. Ichigo Kurosaki never asked for the ability to see ghosts-he was born with the gift.\nWhen his family is attacked by a Hollow-a malevolent lost soul-Ichigo becomes a Soul Reaper, dedicating his life to protecting the innocent and helping the tortured spirits themselves find peace.\nFind out why Tite Kubo\'s Bleach has become an international manga smash-hit!\nAs Mayuri struggles against the monstrosity that is Pernida, his daughter Nemu joins the battle.\nFor the first time, Nemu disobeys Mayuri\'s … read more', 'https://hive.dmmserver.com/media/640/97814215/9781421590950.jpg', 'Tite Kubo', 'Viz Media, Subs. of Shogakukan Inc', 'Bleach, Vol. 71'),
	(16, 'Description\nWhile the Soul Reaper captains deal with Aizen\'s forces in Karakura Town, Ichigo faces Ulquiorra in Hueco Mundo.\nTo match the powerful Espada, Ichigo will have to rely on his hollow powers.\nBut will the darkness overwhelm him...?', 'https://hive.dmmserver.com/media/640/97814215/9781421541372.jpg', 'Tite Kubo', 'Viz Media, Subs. of Shogakukan Inc', 'Bleach, Vol. 40'),
	(17, 'Description\nIchigo and the Soul Reapers wage a furious battle against the Arrancars who are attacking Karakura Town.\nBut this enemy is unlike anything they have ever fought before - and these aren\'t even the strongest of the Arrancars!\nIf Ichigo and his friends can barely face them, how can they hope to fight off the elite Arrancar warriors, the dreaded Espada?', 'https://hive.dmmserver.com/media/640/97814215/9781421516035.jpg', 'Tite Kubo', 'Viz Media, Subs. of Shogakukan Inc', 'Bleach, Vol. 24'),
	(18, 'Description\nIchigo Kurosaki never asked for the ability to see ghosts - he was born with the gift.\nWhen his family is attacked by a Hollow - a malevolent lost soul - Ichigo becomes a Soul Reaper, dedicating his life to protecting the innocent and helping the tortured spirits themselves find peace.\nFind out why Tite Kubo\'s Bleach has become an international manga smash-hit!\nThe war between the Soul Reapers and the Quincies continues as Renji and Rukia join the battle.\nBut are their newfound powers enough to take on these fearsome adversaries? And what is the true purpose of the war?', 'https://hive.dmmserver.com/media/640/97814215/9781421578552.jpg', 'Tite Kubo', 'Viz Media, Subs. of Shogakukan Inc', 'Bleach, Vol. 63'),
	(19, 'Description\nIchigo Kurosaki never asked for the ability to see ghosts--he was born with the gift.\nWhen his family is attacked by a Hollow - a malevolent lost soul - Ichigo becomes a Soul Reaper, dedicating his life to protecting the innocent and helping the tortured spirits themselves find peace.\nFind out why Tite Kubo\'s Bleach has become an international manga smash-hit! Orihime\'s return from the Soul Society is interrupted by the Arrancar Ulquiorra, who has a different, terrifying path for her.\nUsing duplicitous tactics, Ulquiorra convinces Orihime to accompany him to Hueco Mundo, which brands her as a … read more', 'https://hive.dmmserver.com/media/640/97814215/9781421523859.jpg', 'Tite Kubo', 'Viz Media, Subs. of Shogakukan Inc', 'Bleach, Vol. 27'),
	(20, 'Description\nIchigo Kurosaki never asked for the ability to see ghosts--he was born with the gift.\nWhen his family is attacked by a Hollow--a malevolent lost soul--Ichigo becomes a Soul Reaper, dedicating his life to protecting the innocent and helping the tortured spirits themselves find peace.\nFind out why Tite Kubo\'s Bleach has become an international manga smash-hit!\nThe battle for the royal palace heats up as Squad Zero and the Quincy invaders continue their standoff.\nSquad Zero appears to have the upper hand so far but that could all change when the Quincy king joins the fight.\nDo the Soul Reapers … read more', 'https://hive.dmmserver.com/media/640/97814215/9781421585062.jpg', 'Tite Kubo', 'Viz Media, Subs. of Shogakukan Inc', 'Bleach, Vol. 67'),
	(21, 'Description\nWhile the Soul Reapers are entrenched in bloody one-on-one battles with the Espadas, their sworn enemy Aizen is preparing to make the next move in his elaborate plan.\nThe battlefields of Hueco Mundo will soon give way to another battlefield where the price of losing will prove to be infinitely higher.', 'https://hive.dmmserver.com/media/640/97814215/9781421533124.jpg', 'Tite Kubo', 'Viz Media, Subs. of Shogakukan Inc', 'Bleach, Vol. 35'),
	(22, 'Description\nIchigo Kurosaki never asked for the ability to see ghosts - he was born with the gift.\nWhen his family is attacked by a Hollow - a malevolent lost soul - Ichigo becomes a Soul Reaper, dedicating his life to protecting the innocent and helping the tortured spirits themselves find peace.\nFind out why Tite Kubo\'s Bleach has become an international manga smash-hit!\nThe Soul Reapers must guard the four pillars that are protecting Karakura Town from destruction at the hands of Aizen\'s minions.\nStanding guard are assistant captains Yumichika, Kira, Hisagi and Ikkaku!\nBut when Ikkaku goes down, will … read more', 'https://hive.dmmserver.com/media/640/97814215/9781421535975.jpg', 'Tite Kubo', 'Viz Media, Subs. of Shogakukan Inc', 'Bleach, Vol. 38'),
	(23, 'Description\nIchigo \'Strawberry\' Kurosaki was born with the ability to see ghosts.\nWhen his family is attacked by a Hallow - a malevolent lost soul - Ichigo becomes a Soul Reaper, dedicating his life to protecting the innocent and helping the tortured spirits find peace.\nImmediately after checking into the Kurosaki Clinic with a mysterious scar on his back, the muscle-bound Chad goes AWOL.\nAccompanying Chad is a talking parakeet imbued with the soul of a young boy named Yuichi.\nIt doesn\'t take newbie Soul Reaper Ichigo Kurosaki long to surmise that a Hollow must be involved - the strongest spirit he\'s faced … read more', 'https://hive.dmmserver.com/media/640/97815911/9781591164425.jpg', 'Tite Kubo', 'Viz Media, Subs. of Shogakukan Inc', 'Bleach, Vol. 2'),
	(24, 'Description\nIchigo Kurosaki never asked for the ability to see ghosts - he was born with the gift.\nWhen his family is attacked by a Hollow - a malevolent lost soul - Ichigo becomes a Soul Reaper, dedicating his life to protecting the innocent and helping the tortured spirits themselves find peace.\nFind out why Tite Kubo\'s Bleach has become an international manga smash-hit!\nContains volumes 1-21 and an exclusive double-sided poster and character book!', 'https://hive.dmmserver.com/media/640/97814215/9781421526102.jpg', 'Tite Kubo', 'Viz Media, Subs. of Shogakukan Inc', 'Bleach Box Set 1 : Volumes 1-21 with Premium'),
	(25, 'Description\nIchigo knows that to retrieve Rukia from the Soul Society, he\'ll have to enter that world himself.\nBut his fight with Rukia\'s brother Byakuya showed, in no uncertain terms, that Ichigo still has a great deal of rigorous study and training ahead of him.\nDeep beneath Kisuke\'s Urahara Shoten, Ichigo practices his fighting and hones his spiritual energies, and now he must face the most daunting challenge of all: prevent his Chain of Fate from consuming itself, or be forever transformed into a soul-devouring Hollow!', 'https://hive.dmmserver.com/media/640/97815911/9781591168720.jpg', 'Tite Kubo', 'Viz Media, Subs. of Shogakukan Inc', 'Bleach, Vol. 8'),
	(26, 'Description\nIchigo Kurosaki never asked for the ability to see ghosts - he was born with the gift.\nWhen his family is attacked by a Hollow - a malevolent lost soul - Ichigo becomes a Soul Reaper, dedicating his life to protecting the innocent and helping the tortured spirits themselves find peace.\nFind out why Tite Kubo\'s Bleach has become an international manga smash-hit!\nWith the training not going as planned, Ichigo returns to the World of the Living to re-evaluate himself.\nBut when he runs into his father, Isshin, he discovers he has a lot to learn about his mother - and the way she died!', 'https://hive.dmmserver.com/media/640/97814215/9781421564586.jpg', 'Tite Kubo', 'Viz Media, Subs. of Shogakukan Inc', 'Bleach, Vol. 60'),
	(27, 'Description\nNight of WijnruitThe scheduled execution of former Soul Reaper Rukia Kuchiki has been moved up and is now just hours away.\nMeanwhile, the Soul Society is in chaos, with Soul Reapers drawing swords against one other.\nSomething is rotting at the core of the Soul Society, but who, or what, could be behind it?', 'https://hive.dmmserver.com/media/640/97814215/9781421506142.jpg', 'Tite Kubo', 'Viz Media, Subs. of Shogakukan Inc', 'Bleach, Vol. 16'),
	(28, 'Description\nThe long-awaited showdown between Ichigo and Byakuya Kuchiki has finally begun.\nHas Ichigo succeeded in mastering bankai, the highest level of power that a Soul Reaper can attain, to face Byakuya as an equal?', 'https://hive.dmmserver.com/media/640/97814215/9781421510439.jpg', 'Tite Kubo', 'Viz Media, Subs. of Shogakukan Inc', 'Bleach, Vol. 19'),
	(29, 'Description\nThe execution of Ichigo\'s friend Rukia has begun, yet Ichigo himself is nowhere in sight.\nIn a matter of seconds, the power of one million zanpaku-to will slice through Rukia as punishment for sharing her Soul Reaper powers with Ichigo.\nIs this really how things are going to end?!', 'https://hive.dmmserver.com/media/640/97814215/9781421510422.jpg', 'Tite Kubo', 'Viz Media, Subs. of Shogakukan Inc', 'Bleach, Vol. 18'),
	(30, 'Description\nThe shocking truth behind the collapse of the Soul Society is finally revealed!\nThe magnitude of the conspiracy is far-reaching, and the perpetrators wield staggering power.\nIs this the end of the Soul Society?', 'https://hive.dmmserver.com/media/640/97814215/9781421510446.jpg', 'Tite Kubo', 'Viz Media, Subs. of Shogakukan Inc', 'Bleach, Vol. 20'),
	(31, 'Description\nIchigo successfully defeats Ikkaku of the Eleventh Company and is rewarded with a valuable piece of information--the location of where Rukia is being detained as she awaits execution.\nHowever, Ichigo\'s companion, the pyrotechnics-wielding Ganju, is having a much harder time with his Soul Reaper opponent.\nMeanwhile, Orihime and Uryu confront the younger brother of the gargantuan gatekeeper whom Ichigo defeated a little while ago.\nIt\'s time for Uryu to put all his training to the test and prove to everyone (and himself) how much more powerful he has become.', 'https://hive.dmmserver.com/media/640/97814215/9781421502717.jpg', 'Tite Kubo', 'Viz Media, Subs. of Shogakukan Inc', 'Bleach, Vol. 11'),
	(32, 'Description\nAn indispensable guidebook to the Soul Society, Color Bleach+: The Bleach Official Bootlegtakes you behind the scenes in the shadowy world of the Soul Reapers.\nAll Thirteen Court Guard Companies are covered in great detail and even popular how-to columns are reprinted inside, making this an essential manual for any Bleach fan.\nThe book includes 72 pages of full-colour manga, as well as a parody of a Japanese magazine written through the perspective Soul Society characters, parody ads relevant to the Soul Society and an exam to determine which Soul Reaper you are.', 'https://hive.dmmserver.com/media/640/97814215/9781421532271.jpg', 'Tite Kubo', 'Viz Media, Subs. of Shogakukan Inc', 'Color Bleach+: Bleach Official Bootleg'),
	(33, 'Description\nIchigo and his friends are moving ever closer to the centre of Hueco Mundo and rescuing Orihime.\nBut their battles against the Arrancars are testing them in ways they never thought possible.\nCan they keep their honour in a world where it doesn\'t exist, or will Hueco Mundo leave an indelible mark on their souls?!', 'https://hive.dmmserver.com/media/640/97814215/9781421523880.jpg', 'Tite Kubo', 'Viz Media, Subs. of Shogakukan Inc', 'Bleach, Vol. 30'),
	(34, 'Description\nIchigo Kurosaki never asked for the ability to see ghosts-he was born with the gift.\nWhen his family is attacked by a Hollow-a malevolent lost soul-Ichigo becomes a Soul Reaper, dedicating his life to protecting the innocent and helping the tortured spirits themselves find peace.\nFind out why Tite Kubo\'s Bleach has become an international manga smash-hit!\nAs the war between the Soul Reapers and Quincies heads for a climactic conclusion, members of Yhwach\'s army are starting to fight each other.\nHaschwalth and Bazz-B were childhood friends before meeting Yhwach, but what exactly happened to tear them apart...?', 'https://hive.dmmserver.com/media/640/97814215/9781421588674.jpg', 'Tite Kubo', 'Viz Media, Subs. of Shogakukan Inc', 'Bleach, Vol. 70'),
	(35, 'Description\nPart-time student, full-time Soul Reaper, Ichigo is one of the chosen few guardians of the afterlife. Ichigo Kurosaki never asked for the ability to see ghosts-he was born with the gift.\nWhen his family is attacked by a Hollow-a malevolent lost soul-Ichigo becomes a Soul Reaper, dedicating his life to protecting the innocent and helping the tortured spirits themselves find peace.\nFind out why Tite Kubo\'s Bleach has become an international manga smash-hit!\nThe final battle against Yhwach gets under way as Ichigo and his allies reach the Quincy King\'s throne room.\nCan Ichigo put an end to the … read more', 'https://hive.dmmserver.com/media/640/97814215/9781421596020.jpg', 'Tite Kubo', 'Viz Media, Subs. of Shogakukan Inc', 'Bleach, Vol. 74'),
	(36, 'Description\nIchigo\'s return to an ordinary life is disrupted by a mysterious man named Kugo Ginjo.\nBut what are Ginjo\'s true motives? And when a friend is attacked, Ichigo discovers he may have a chance to regain his lost Soul Reaper powers.', 'https://hive.dmmserver.com/media/640/97814215/9781421543031.jpg', 'Tite Kubo', 'Viz Media, Subs. of Shogakukan Inc', 'Bleach, Vol. 50'),
	(37, 'Description\nPart-time student, full-time Soul Reaper, Ichigo is one of the chosen few guardians of the afterlife. Ichigo Kurosaki never asked for the ability to see ghosts-he was born with the gift.\nWhen his family is attacked by a Hollow-a malevolent lost soul-Ichigo becomes a Soul Reaper, dedicating his life to protecting the innocent and helping the tortured spirits themselves find peace.\nFind out why Tite Kubo\'s Bleach has become an international manga smash-hit!\nFacing a powerful opponent, the mysterious Kisuke Urahara is forced to reveal his Bankai for the first time.\nMeanwhile, Ichigo finally makes … read more', 'https://hive.dmmserver.com/media/640/97814215/9781421594347.jpg', 'Tite Kubo', 'Viz Media, Subs. of Shogakukan Inc', 'Bleach, Vol. 73'),
	(38, 'Description\nThe second Bleach Box Set. This set features volumes 22-48, along with an exclusive mini-comic containing the pilot story of the series and a full-colour, double-sided poster. After finally rescuing their friend Rukia, Ichigo and friends return to their quiet lives in the world of the living.\nHowever, the peace is short-lived as new enemies arrive from the world of the Hollows.\nAizen is back, and Ichigo may be the only one who can stop him for good!', 'https://hive.dmmserver.com/media/640/97814215/9781421580814.jpg', 'Tite Kubo', 'Viz Media, Subs. of Shogakukan Inc', 'Bleach Box Set 2 : Volumes 22-48 with Premium'),
	(39, 'Description\nIchigo Kurosaki never asked for the ability to see ghosts-he was born with the gift.\nWhen his family is attacked by a Hollow-a malevolent lost soul-Ichigo becomes a Soul Reaper, dedicating his life to protecting the innocent and helping the tortured spirits themselves find peace.\nFind out why Tite Kubo\'s Bleach has become an international manga smash-hit!\nThe Soul Reapers are shocked by the sudden return of Aizen, but does he hold the key to victory against the Quincies?\nIchigo heads to Reiokyu to face Yhwach once again but waiting to slow him down is an old foe...', 'https://hive.dmmserver.com/media/640/97814215/9781421587011.jpg', 'Tite Kubo', 'Viz Media, Subs. of Shogakukan Inc', 'Bleach, Vol. 69'),
	(40, 'Description\nWhen a mysterious group of warriors calling themselves the Vandenreich attacks, Ichigo heads to Hueco Mundo to help his friend Nel. And when the Vandenreich takes the fight to the Soul Society, an all out war between Soul Reapers and Quincies will break out!', 'https://hive.dmmserver.com/media/640/97814215/9781421554761.jpg', 'Tite Kubo', 'Viz Media, Subs. of Shogakukan Inc', 'Bleach, Vol. 56'),
	(41, 'Description\nNot everyone needs a license to fight for justice!In a superpowered society, there is nothing ordinary about evil anymore.\nHeroes, trained and licensed to protect and defend the public against supervillains, stand above all the rest.\nNot everyone can be a hero, however, and there are those who would use their powers to serve the people without legal sanction.\nBut do they fight for justice in the shadows, or for reasons known only to themselves?\nWhatever they fight for, they are called...vigilantes. Number 6 has enacted his plan to bring Naruhata to its knees, releasing dozens of faceless anon … read more', 'https://hive.dmmserver.com/media/640/97819747/9781974732371.jpg', 'Hideyuki Furuhashi', 'Viz Media, Subs. of Shogakukan Inc', 'My Hero Academia: Vigilantes, Vol. 13'),
	(42, 'Description\nThe aspiring heroes of My Hero Academia team up with pro heroes for action-packed missions!The ambitious Team-Up Missions Program pairs groups of aspiring heroes with pro heroes to go on action-packed missions!\nAlthough Izuku Midoriya and his U.A. High friends are thrilled to participate, there\'s just one catch-there\'s no telling who will be teamed up with whom!\nFrom top heroes to students from other classes and schools, anyone could be on the same team. Whether it\'s Deku descending into the abyss with Tokoyami or an amusement park adventure with Todoroki, Bakugo, and others, you never know … read more', 'https://hive.dmmserver.com/media/640/97819747/9781974727179.jpg', 'Yoko Akiyama', 'Viz Media, Subs. of Shogakukan Inc', 'My Hero Academia: Team-Up Missions, Vol. 2'),
	(43, 'Description\nMidoriya inherits the superpower of the world\'s greatest hero, but greatness won\'t come easy. Prose short stories featuring the everyday school lives of My Hero Academia\'s fan-favourite characters. Setsubun-a holiday to mark the coming of spring. Between Setsubun, a Valentine\'s Day celebration, a springtime mountain trip, and even a meeting under the cherry blossoms, both U.A. students and faculty are ready to celebrate! First, the students of class 1-A prepare for a wild bean-throwing showdown and aim to bring Bakugo the oni and Eri the hostage a little bit closer.\nBut will they inspire … read more', 'https://hive.dmmserver.com/media/640/97819747/9781974734252.jpg', 'Anri Yoshi', 'Viz Media, Subs. of Shogakukan Inc', 'My Hero Academia: School Briefs, Vol. 6'),
	(44, 'Description\nWhat would the world be like if 80 percent of the population manifested superpowers called Quirks at age four?\nHeroes and villains would be battling it out everywhere!\nBeing a hero would mean learning to use your power, but where would you go to study?\nThe Hero Academy of course! But what would you do if you were one of the 20 percent who were born Quirkless?\nMiddle school student Izuku Midoriya wants to be a hero more than anything, but he hasn\'t got an ounce of power in him.\nWith no chance of ever getting into the prestigious U.A.\nHigh School for budding heroes, his life is looking more and more … read more', 'https://hive.dmmserver.com/media/640/97814215/9781421582696.jpg', 'Kohei Horikoshi', 'Viz Media, Subs. of Shogakukan Inc', 'My Hero Academia, Vol. 1'),
	(45, 'Description\nNot everyone needs a license to fight for justice!In a superpowered society, there is nothing ordinary about evil anymore.\nHeroes, trained and licensed to protect and defend the public against supervillains, stand above all the rest.\nNot everyone can be a hero, however, and there are those who would use their powers to serve the people without legal sanction.\nBut do they fight for justice in the shadows, or for reasons known only to themselves?\nWhatever they fight for, they are called...vigilantes. As O\'Clock and his accidental allies Tiger Bunny and the Rapper try to escape the underground … read more', 'https://hive.dmmserver.com/media/640/97819747/9781974727162.jpg', 'Hideyuki Furuhashi', 'Viz Media, Subs. of Shogakukan Inc', 'My Hero Academia: Vigilantes, Vol. 12'),
	(46, 'Description\nThe aspiring heroes of My Hero Academia team up with pro heroes for action-packed missions!The ambitious Team-Up Missions Program pairs groups of aspiring heroes with pro heroes to go on action-packed missions!\nAlthough Izuku Midoriya and his U.A. High friends are thrilled to participate, there\'s just one catch-there\'s no telling who will be teamed up with whom!\nFrom top heroes to students from other classes and schools, anyone could be on the same team. Midoriya is excited for his first team-up mission until he learns that his team includes the explosive Bakugo.\nThe pro hero they\'ve been … read more', 'https://hive.dmmserver.com/media/640/97819747/9781974721559.jpg', 'Yoko Akiyama', 'Viz Media, Subs. of Shogakukan Inc', 'My Hero Academia: Team-Up Missions, Vol. 1'),
	(47, 'Description\nMidoriya inherits the superpower of the world\'s greatest hero, but greatness won\'t come easy. Prose short stories featuring the everyday school lives of My Hero Academia\'s fan-favorite characters. At U.A. High School, it\'s tradition for students to attend a training camp in the woods.\nThough the kids are mostly there to improve their Quirks, it\'s also an opportunity for the ever-chatty class A, and class B as well, to cut loose in a way they can\'t during regular classes.', 'https://hive.dmmserver.com/media/640/97814215/9781421582719.jpg', 'Anri Yoshi', 'Viz Media, Subs. of Shogakukan Inc', 'My Hero Academia: School Briefs, Vol. 2 : Training Camp'),
	(48, 'Description\nMidoriya inherits the superpower of the world\'s greatest hero, but greatness won\'t come easy. What would the world be like if 80 percent of the population manifested superpowers called "Quirks"?\nHeroes and villains would be battling it out everywhere!\nBeing a hero would mean learning to use your power, but where would you go to study?\nThe Hero Academy of course! But what would you do if you were one of the 20 percent who were born Quirkless?With society wavering on the verge of collapse in the wake of the recent chaos, Midoriya has left his school and friends behind in order to save whatever … read more', 'https://hive.dmmserver.com/media/640/97819747/9781974732364.jpg', 'Kohei Horikoshi', 'Viz Media, Subs. of Shogakukan Inc', 'My Hero Academia, Vol. 32'),
	(49, 'Description\nEverything you ever wanted to know about your favorite My Hero Academia heroes and villains!The secrets of the smash-hit series My Hero Academia are revealed!\nMy Hero Academia: Ultra Analysis-The Official Character Guide is jam-packed with all the profiles, stats, and trivia about your favorite heroes-plus a color art gallery, sketches, and a team-up discussion featuring My Hero Academia creator Kohei Horikoshi in conversation with Bleach creator Tite Kubo!', 'https://hive.dmmserver.com/media/640/97819747/9781974724475.jpg', 'Kohei Horikoshi', 'Viz Media, Subs. of Shogakukan Inc', 'My Hero Academia: Ultra Analysis-The Official Character Guide'),
	(50, 'Description\nIn the world of My Hero Academia, not everyone needs a license to fight for justice!\nIn a superpowered society, there is nothing ordinary about evil anymore.\nHeroes, trained and licensed to protect and defend the public against supervillains, stand above all the rest.\nHowever, not everyone can be an official hero, and there are those who would use their powers to serve the people without legal sanction.\nBut do they fight for justice in the shadows or for reasons known only to themselves?\nWhatever they fight for, they are called...vigilantes. Koichi Haimawari couldn\'t make the cut to become an … read more', 'https://hive.dmmserver.com/media/640/97819747/9781974701599.jpg', 'Hideyuki Furuhashi', 'Viz Media, Subs. of Shogakukan Inc', 'My Hero Academia: Vigilantes, Vol. 1'),
	(51, 'Description\nNot everyone needs a license to fight for justice!In a superpowered society, there is nothing ordinary about evil anymore.\nHeroes, trained and licensed to protect and defend the public against supervillains, stand above all the rest.\nNot everyone can be a hero, however, and there are those who would use their powers to serve the people without legal sanction.\nBut do they fight for justice in the shadows, or for reasons known only to themselves?\nWhatever they fight for, they are called...vigilantes. With Pop possessed and wreaking havoc as Bee Pop, Koichi must push his Quirk to the limits to try … read more', 'https://hive.dmmserver.com/media/640/97819747/9781974725168.jpg', 'Hideyuki Furuhashi', 'Viz Media, Subs. of Shogakukan Inc', 'My Hero Academia: Vigilantes, Vol. 11'),
	(52, 'Description\nMidoriya inherits the superpower of the world\'s greatest hero, but greatness won\'t come easy. Prose short stories featuring the everyday school lives of My Hero Academia\'s fan-favorite characters. It\'s time for class 1-A to start getting ready for the end-of-the-year holidays.\nAs excited as everyone is for Christmas, New Year\'s Eve, and the New Year itself, preparing means undertaking a big winter cleaning.\nThe unsuspecting students get a big surprise when their cleaning leads to a crazy discovery.\nThere\'s only one way to find out where the mysterious entrance they uncover leads to-and that … read more', 'https://hive.dmmserver.com/media/640/97819747/9781974724079.jpg', 'Anri Yoshi', 'Viz Media, Subs. of Shogakukan Inc', 'My Hero Academia: School Briefs, Vol. 5'),
	(53, 'Description\nNot everyone needs a license to fight for justice! In a superpowered society, there is nothing ordinary about evil anymore.\nHeroes, trained and licensed to protect and defend the public against supervillains, stand above all the rest.\nNot everyone can be an official hero, however, and there are those who would use their powers to serve the people without legal sanction.\nBut do they fight for justice in the shadows, or for reasons known only to themselves?\nWhatever they fight for, they are called...vigilantes. Koichi and his "friends"-Kazuho, a.k.a. Pop Step, and the mysterious Knuckleduster-… read more', 'https://hive.dmmserver.com/media/640/97819747/9781974701858.jpg', 'Hideyuki Furuhashi', 'Viz Media, Subs. of Shogakukan Inc', 'My Hero Academia: Vigilantes, Vol. 2'),
	(54, 'Description\nIn a world of magic, Asta, a boy with anti-magic powers, will do whatever it takes to become the Wizard King!Asta is a young boy who dreams of becoming the greatest mage in the kingdom.\nOnly one problem-he can\'t use any magic! Luckily for Asta, he receives the incredibly rare five-leaf clover grimoire that gives him the power of anti-magic.\nCan someone who can\'t use magic really become the Wizard King?\nOne thing\'s for sure-Asta will never give up!The battle against the Dark Triad intensifies as Magna and Noelle join the fray.\nThey\'ll need to use their most powerful spells to stand a chance … read more', 'https://hive.dmmserver.com/media/640/97819747/9781974732319.jpg', 'Yuki Tabata', 'Viz Media, Subs. of Shogakukan Inc', 'Black Clover, Vol. 30'),
	(55, 'Description\nIn a world of magic, Asta, a boy with anti-magic powers, will do whatever it takes to become the Wizard King!Asta is a young boy who dreams of becoming the greatest mage in the kingdom.\nOnly one problem-he can\'t use any magic! Luckily for Asta, he receives the incredibly rare five-leaf clover grimoire that gives him the power of anti-magic.\nCan someone who can\'t use magic really become the Wizard King?\nOne thing\'s for sure-Asta will never give up!Noelle and her family have finally taken revenge against the devil who killed their mother, but they can\'t celebrate just yet.\nOne member of the Dark … read more', 'https://hive.dmmserver.com/media/640/97819747/9781974734368.jpg', 'Yuki Tabata', 'Viz Media, Subs. of Shogakukan Inc', 'Black Clover, Vol. 31'),
	(56, 'Description\nIn a world of magic, Asta, a boy with anti-magic powers, will do whatever it takes to become the Wizard King!Asta is a young boy who dreams of becoming the greatest mage in the kingdom.\nOnly one problem-he can\'t use any magic! Luckily for Asta, he receives the incredibly rare five-leaf clover grimoire that gives him the power of anti-magic.\nCan someone who can\'t use magic really become the Wizard King?\nOne thing\'s for sure-Asta will never give up!After six months of training in the Heart Kingdom, Asta and his fellow magic knights are ready to show off their improvements.\nWill Asta\'s muscles be … read more', 'https://hive.dmmserver.com/media/640/97819747/9781974720002.jpg', 'Yuki Tabata', 'Viz Media, Subs. of Shogakukan Inc', 'Black Clover, Vol. 24'),
	(57, 'Description\nIn a world of magic, Asta, a boy with anti-magic powers, will do whatever it takes to become the Wizard King!Asta is a young boy who dreams of becoming the greatest mage in the kingdom.\nOnly one problem-he can\'t use any magic! Luckily for Asta, he receives the incredibly rare five-leaf clover grimoire that gives him the power of anti-magic.\nCan someone who can\'t use magic really become the Wizard King?\nOne thing\'s for sure-Asta will never give up!Having finally mastered Devil Union, Asta must head to the Spade Kingdom to help his friends.\nBut he\'s gonna need some help getting there. And will he … read more', 'https://hive.dmmserver.com/media/640/97819747/9781974730025.jpg', 'Yuki Tabata', 'Viz Media, Subs. of Shogakukan Inc', 'Black Clover, Vol. 29'),
	(58, 'Description\nIn a world of magic, Asta, a boy with anti-magic powers, will do whatever it takes to become the Wizard King!Asta is a young boy who dreams of becoming the greatest mage in the kingdom.\nOnly one problem-he can\'t use any magic! Luckily for Asta, he receives the incredibly rare five-leaf clover grimoire that gives him the power of anti-magic.\nCan someone who can\'t use magic really become the Wizard King?\nOne thing\'s for sure-Asta will never give up!Asta will need to get much more powerful if he ever hopes to defeat the demonic leaders of the Spade Kingdom.\nThings look bleak, but then a mysterious … read more', 'https://hive.dmmserver.com/media/640/97819747/9781974725144.jpg', 'Yuki Tabata', 'Viz Media, Subs. of Shogakukan Inc', 'Black Clover, Vol. 27'),
	(59, 'Description\nIn a world of magic, Asta, a boy with anti-magic powers, will do whatever it takes to become the Wizard King!Asta is a young boy who dreams of becoming the greatest mage in the kingdom.\nOnly one problem-he can\'t use any magic! Luckily for Asta, he receives the incredibly rare five-leaf clover grimoire that gives him the power of anti-magic.\nCan someone who can\'t use magic really become the Wizard King?\nOne thing\'s for sure-Asta will never give up!It\'s the Dark Triad vs. the Resistance as the battle for the Spade Kingdom begins!\nTo win it\'s going to take the Clover Kingdom\'s best-and for Asta and … read more', 'https://hive.dmmserver.com/media/640/97819747/9781974727186.jpg', 'Yuki Tabata', 'Viz Media, Subs. of Shogakukan Inc', 'Black Clover, Vol. 28'),
	(60, 'Description\nAsta is a young boy who dreams of becoming the greatest mage in the kingdom.\nOnly one problem-he can\'t use any magic! Luckily for Asta, he receives the incredibly rare five-leaf clover grimoire that gives him the power of anti-magic.\nCan someone who can\'t use magic really become the Wizard King?\nOne thing\'s for sure-Asta will never give up! On the orders of the Wizard King, Asta and his allies head to a mysterious dungeon to retrieve a powerful relic.\nHowever, when mages from a rival country show up, this mission turns into an all-out battle.\nCan Asta lead his team to victory?', 'https://hive.dmmserver.com/media/640/97814215/9781421587196.jpg', 'Yuki Tabata', 'Viz Media, Subs. of Shogakukan Inc', 'Black Clover, Vol. 2'),
	(61, 'Description\nIn a world of magic, Asta, a boy with anti-magic powers, will do whatever it takes to become the Wizard King!\nAsta is a young boy who dreams of becoming the greatest mage in the kingdom.\nOnly one problem-he can\'t use any magic! Luckily for Asta, he receives the incredibly rare five-leaf clover grimoire that gives him the power of anti-magic.\nCan someone who can\'t use magic really become the Wizard King?\nOne thing\'s for sure-Asta will never give up! In order to heal his badly injured arms, Asta and his friends head to Vanessa\'s homeland, the Forest of Witches.\nThe Witch Queen who lives there may … read more', 'https://hive.dmmserver.com/media/640/97814215/9781421597638.jpg', 'Yuki Tabata', 'Viz Media, Subs. of Shogakukan Inc', 'Black Clover, Vol. 10'),
	(62, 'Description\nAsta is a young boy who dreams of becoming the greatest mage in the kingdom.\nOnly one problem-he can\'t use any magic! Luckily for Asta, he receives the incredibly rare five-leaf clover grimoire that gives him the power of anti-magic.\nCan someone who can\'t use magic really become the Wizard King?\nOne thing\'s for sure-Asta will never give up!', 'https://hive.dmmserver.com/media/640/97814215/9781421595177.jpg', 'Yuki Tabata', 'Viz Media, Subs. of Shogakukan Inc', 'Black Clover, Vol. 8'),
	(63, 'Description\nIn a world of magic, Asta, a boy with anti-magic powers, will do whatever it takes to become the Wizard King!\nAsta is a young boy who dreams of becoming the greatest mage in the kingdom.\nOnly one problem-he can\'t use any magic! Luckily for Asta, he receives the incredibly rare five-leaf clover grimoire that gives him the power of anti-magic.\nCan someone who can\'t use magic really become the Wizard King?\nOne thing\'s for sure-Asta will never give up! In order to form a new powerful team to take down the nefarious Eye of the Midnight Sun, the Clover Kingdom commences the Royal Knights exam.\nBut … read more', 'https://hive.dmmserver.com/media/640/97819747/9781974701049.jpg', 'Yuki Tabata', 'Viz Media, Subs. of Shogakukan Inc', 'Black Clover, Vol. 13'),
	(64, 'Description\nIn a world of magic, Asta, a boy with anti-magic powers, will do whatever it takes to become the Wizard King!\nAsta is a young boy who dreams of becoming the greatest mage in the kingdom.\nOnly one problem-he can\'t use any magic! Luckily for Asta, he receives the incredibly rare five-leaf clover grimoire that gives him the power of anti-magic.\nCan someone who can\'t use magic really become the Wizard King?\nOne thing\'s for sure-Asta will never give up! Asta and friends are finally able to save the Forest of Witches and claim the magic stone.\nA brand-new challenge is awaiting them back home, but first-… read more', 'https://hive.dmmserver.com/media/640/97819747/9781974700400.jpg', 'Yuki Tabata', 'Viz Media, Subs. of Shogakukan Inc', 'Black Clover, Vol. 12'),
	(65, 'Description\nIn a world of magic, Asta, a boy with anti-magic powers, will do whatever it takes to become the Wizard King!Asta is a young boy who dreams of becoming the greatest mage in the kingdom.\nOnly one problem-he can\'t use any magic! Luckily for Asta, he receives the incredibly rare five-leaf clover grimoire that gives him the power of anti-magic.\nCan someone who can\'t use magic really become the Wizard King?\nOne thing\'s for sure-Asta will never give up!The Black Bulls suddenly find themselves trapped in Dorothy\'s magical dream world.\nWith Dorothy having complete control over the space, escape seems … read more', 'https://hive.dmmserver.com/media/640/97819747/9781974710171.jpg', 'Yuki Tabata', 'Viz Media, Subs. of Shogakukan Inc', 'Black Clover, Vol. 20'),
	(66, 'Description\nIn a world of magic, Asta, a boy with anti-magic powers, will do whatever it takes to become the Wizard King!\nAsta is a young boy who dreams of becoming the greatest mage in the kingdom.\nOnly one problem-he can\'t use any magic! Luckily for Asta, he receives the incredibly rare five-leaf clover grimoire that gives him the power of anti-magic.\nCan someone who can\'t use magic really become the Wizard King?\nOne thing\'s for sure-Asta will never give up! Just as the Royal Knights locate the Eye of the Midnight Sun\'s base, the elves unleash a powerful spell that steals the bodies of some of the Clover … read more', 'https://hive.dmmserver.com/media/640/97819747/9781974706167.jpg', 'Yuki Tabata', 'Viz Media, Subs. of Shogakukan Inc', 'Black Clover, Vol. 17'),
	(67, 'Description\nIn a world of magic, Asta, a boy with anti-magic powers, will do whatever it takes to become the Wizard King!\nAsta is a young boy who dreams of becoming the greatest mage in the kingdom.\nOnly one problem-he can\'t use any magic! Luckily for Asta, he receives the incredibly rare five-leaf clover grimoire that gives him the power of anti-magic.\nCan someone who can\'t use magic really become the Wizard King?\nOne thing\'s for sure-Asta will never give up! As the Royal Knights selection test enters its final stage, a surprising team is still in contention!\nCan Asta or Yuno take the crown? And after the … read more', 'https://hive.dmmserver.com/media/640/97819747/9781974704545.jpg', 'Yuki Tabata', 'Viz Media, Subs. of Shogakukan Inc', 'Black Clover, Vol. 15'),
	(68, 'Description\nIn a world of magic, Asta, a boy with anti-magic powers, will do whatever it takes to become the Wizard King!Asta is a young boy who dreams of becoming the greatest mage in the kingdom.\nOnly one problem-he can\'t use any magic! Luckily for Asta, he receives the incredibly rare five-leaf clover grimoire that gives him the power of anti-magic.\nCan someone who can\'t use magic really become the Wizard King?\nOne thing\'s for sure-Asta will never give up!With Asta and Yuno now in the Shadow Palace, the time has finally come to settle the grudge with the elves that has lasted hundreds of years.\nHowever,… read more', 'https://hive.dmmserver.com/media/640/97819747/9781974714766.jpg', 'Yuki Tabata', 'Viz Media, Subs. of Shogakukan Inc', 'Black Clover, Vol. 21'),
	(69, 'Description\nIn a world of magic, Asta, a boy with anti-magic powers, will do whatever it takes to become the Wizard King!Asta is a young boy who dreams of becoming the greatest mage in the kingdom.\nOnly one problem-he can\'t use any magic! Luckily for Asta, he receives the incredibly rare five-leaf clover grimoire that gives him the power of anti-magic.\nCan someone who can\'t use magic really become the Wizard King?\nOne thing\'s for sure-Asta will never give up!As Noelle and others are training in the Heart Kingdom, Dark Triad member Vanica launches an attack!\nThe Clover magic knights will need to work as a … read more', 'https://hive.dmmserver.com/media/640/97819747/9781974723379.jpg', 'Yuki Tabata', 'Viz Media, Subs. of Shogakukan Inc', 'Black Clover, Vol. 26'),
	(70, 'Description\nIn a world of magic, Asta, a boy with anti-magic powers, will do whatever it takes to become the Wizard King!Asta is a young boy who dreams of becoming the greatest mage in the kingdom.\nOnly one problem-he can\'t use any magic! Luckily for Asta, he receives the incredibly rare five-leaf clover grimoire that gives him the power of anti-magic.\nCan someone who can\'t use magic really become the Wizard King?\nOne thing\'s for sure-Asta will never give up!With the devil finally defeated, the Magic Knights are working hard to rebuild the damage done to the Clover Kingdom.\nUnfortunately for Asta, all the … read more', 'https://hive.dmmserver.com/media/640/97819747/9781974718108.jpg', 'Yuki Tabata', 'Viz Media, Subs. of Shogakukan Inc', 'Black Clover, Vol. 23'),
	(71, 'Description\nIn a world of magic, Asta, a boy with anti-magic powers, will do whatever it takes to become the Wizard King!\nAsta is a young boy who dreams of becoming the greatest mage in the kingdom.\nOnly one problem-he can\'t use any magic! Luckily for Asta, he receives the incredibly rare five-leaf clover grimoire that gives him the power of anti-magic.\nCan someone who can\'t use magic really become the Wizard King?\nOne thing\'s for sure-Asta will never give up! With the help of the first Wizard King and the leader of the elves, Asta and Yuno now might have a chance against the Devil\'s unlimited power.\nBut … read more', 'https://hive.dmmserver.com/media/640/97819747/9781974715015.jpg', 'Yuki Tabata', 'Viz Media, Subs. of Shogakukan Inc', 'Black Clover, Vol. 22'),
	(72, 'Description\nAsta is a young boy who dreams of becoming the greatest mage in the kingdom.\nOnly one problem-he can\'t use any magic! Luckily for Asta, he receives the incredibly rare five-leaf clover grimoire that gives him the power of anti-magic.\nCan someone who can\'t use magic really become the Wizard King?\nOne thing\'s for sure-Asta will never give up! Young Asta was born with no magic ability in a world where magic is everything.\nIn order to prove his strength and keep a promise with his friend, Asta dreams of becoming the greatest mage in the land, the Wizard King!', 'https://hive.dmmserver.com/media/640/97814215/9781421587189.jpg', 'Yuki Tabata', 'Viz Media, Subs. of Shogakukan Inc', 'Black Clover, Vol. 1'),
	(73, 'Description\nAsta is a young boy who dreams of becoming the greatest mage in the kingdom.\nOnly one problem-he can\'t use any magic! Luckily for Asta, he receives the incredibly rare five-leaf clover grimoire that gives him the power of anti-magic.\nCan someone who can\'t use magic really become the Wizard King?\nOne thing\'s for sure-Asta will never give up! Asta and his teammates head deep into a magical dungeon in search of treasure.\nHowever, waiting below are mages from a rival kingdom!\nCan Asta summon the power to defeat an enemy even Yuno couldn\'t take down?!', 'https://hive.dmmserver.com/media/640/97814215/9781421587202.jpg', 'Yuki Tabata', 'Viz Media, Subs. of Shogakukan Inc', 'Black Clover, Vol. 3'),
	(74, 'Description\nAsta is a young boy who dreams of becoming the greatest mage in the kingdom.\nOnly one problem-he can\'t use any magic! Luckily for Asta, he receives the incredibly rare five-leaf clover grimoire that gives him the power of anti-magic.\nCan someone who can\'t use magic really become the Wizard King?\nOne thing\'s for sure-Asta will never give up! The Clover Kingdom is under attack by a mysterious mage who can control zombies!\nThe greatest Magic Knights have come together to protect the kingdom and Asta\'s caught in the middle of the ferocious battle!', 'https://hive.dmmserver.com/media/640/97814215/9781421590233.jpg', 'Yuki Tabata', 'Viz Media, Subs. of Shogakukan Inc', 'Black Clover, Vol. 4'),
	(75, 'Description\nAsta is a young boy who dreams of becoming the greatest mage in the kingdom.\nOnly one problem-he can\'t use any magic! Luckily for Asta, he receives the incredibly rare five-leaf clover grimoire that gives him the power of anti-magic.\nCan someone who can\'t use magic really become the Wizard King?\nOne thing\'s for sure-Asta will never give up! Asta\'s vacation is anything but rest and relaxation when children start disappearing all around him.\nBut in order to take down the kidnappers, Asta will have to team up with Gauche, a mage who hates his guts!', 'https://hive.dmmserver.com/media/640/97814215/9781421591582.jpg', 'Yuki Tabata', 'Viz Media, Subs. of Shogakukan Inc', 'Black Clover, Vol. 6'),
	(76, 'Description\nAsta is a young boy who dreams of becoming the greatest mage in the kingdom.\nOnly one problem - he can\'t use any magic! Luckily for Asta, he receives the incredibly rare five-leaf clover grimoire that gives him the power of anti-magic.\nCan someone who can\'t use magic really become the Wizard King?\nOne thing\'s for sure - Asta will never give up! After the battle with the Eye of the Midnight Sun, the Wizard King suspects that there might be a traitor among the Magic Knights.\nBut who is it, and how can Asta help expose the crooked knight?', 'https://hive.dmmserver.com/media/640/97814215/9781421594323.jpg', 'Yuki Tabata', 'Viz Media, Subs. of Shogakukan Inc', 'Black Clover, Vol. 7'),
	(77, 'Description\nIn a world of magic, Asta, a boy with anti-magic powers, will do whatever it takes to become the Wizard King!\nAsta is a young boy who dreams of becoming the greatest mage in the kingdom.\nOnly one problem-he can\'t use any magic! Luckily for Asta, he receives the incredibly rare five-leaf clover grimoire that gives him the power of anti-magic.\nCan someone who can\'t use magic really become the Wizard King?\nOne thing\'s for sure-Asta will never give up! With the battle for the water temple finally over, the Black Bulls return home to the Clover Kingdom as heroes.\nBut more trouble is on the horizon as … read more', 'https://hive.dmmserver.com/media/640/97814215/9781421596464.jpg', 'Yuki Tabata', 'Viz Media, Subs. of Shogakukan Inc', 'Black Clover, Vol. 9'),
	(78, 'Description\nIn a world of magic, Asta, a boy with anti-magic powers, will do whatever it takes to become the Wizard King!\nAsta is a young boy who dreams of becoming the greatest mage in the kingdom.\nOnly one problem-he can\'t use any magic! Luckily for Asta, he receives the incredibly rare five-leaf clover grimoire that gives him the power of anti-magic.\nCan someone who can\'t use magic really become the Wizard King?\nOne thing\'s for sure-Asta will never give up! With the elves now fully awakened, the Clover Kingdom is in great peril!\nIt\'ll be up to the magic knights to save the day, but they could be completely outmatched this time!', 'https://hive.dmmserver.com/media/640/97819747/9781974708789.jpg', 'Yuki Tabata', 'Viz Media, Subs. of Shogakukan Inc', 'Black Clover, Vol. 19'),
	(79, 'Description\nIn a world of magic, Asta, a boy with anti-magic powers, will do whatever it takes to become the Wizard King!\nAsta is a young boy who dreams of becoming the greatest mage in the kingdom.\nOnly one problem-he can\'t use any magic! Luckily for Asta, he receives the incredibly rare five-leaf clover grimoire that gives him the power of anti-magic.\nCan someone who can\'t use magic really become the Wizard King?\nOne thing\'s for sure-Asta will never give up!Shonen Jump\'s breakaway hit of 2015, a fantasy action-adventure about mastering magical powers.', 'https://hive.dmmserver.com/media/640/97814215/9781421598185.jpg', 'Yuki Tabata', 'Viz Media, Subs. of Shogakukan Inc', 'Black Clover, Vol. 11'),
	(80, 'Description\nIn a world of magic, Asta, a boy with anti-magic powers, will do whatever it takes to become the Wizard King!\nAsta is a young boy who dreams of becoming the greatest mage in the kingdom.\nOnly one problem-he can\'t use any magic! Luckily for Asta, he receives the incredibly rare five-leaf clover grimoire that gives him the power of anti-magic.\nCan someone who can\'t use magic really become the Wizard King?\nOne thing\'s for sure-Asta will never give up! With their friend and teammate turned into an elf, the other members of the Black Bulls will risk their lives to return Luck back to normal.\nBut is … read more', 'https://hive.dmmserver.com/media/640/97819747/9781974707416.jpg', 'Yuki Tabata', 'Viz Media, Subs. of Shogakukan Inc', 'Black Clover, Vol. 18'),
	(81, 'Description\nIn a world of magic, Asta, a boy with anti-magic powers, will do whatever it takes to become the Wizard King!\nAsta is a young boy who dreams of becoming the greatest mage in the kingdom.\nOnly one problem-he can\'t use any magic! Luckily for Asta, he receives the incredibly rare five-leaf clover grimoire that gives him the power of anti-magic.\nCan someone who can\'t use magic really become the Wizard King?\nOne thing\'s for sure-Asta will never give up! With the Black Bulls hideout under attack, it\'ll be up to some of the lesser-known members of the brigade to protect their home.\nMeanwhile, the … read more', 'https://hive.dmmserver.com/media/640/97819747/9781974705139.jpg', 'Yuki Tabata', 'Viz Media, Subs. of Shogakukan Inc', 'Black Clover, Vol. 16'),
	(82, 'Description\nIn a world of magic, Asta, a boy with anti-magic powers, will do whatever it takes to become the Wizard King!Asta is a young boy who dreams of becoming the greatest mage in the kingdom.\nOnly one problem-he can\'t use any magic! Luckily for Asta, he receives the incredibly rare five-leaf clover grimoire that gives him the power of anti-magic.\nCan someone who can\'t use magic really become the Wizard King?\nOne thing\'s for sure-Asta will never give up!The Spade Kingdom\'s Dark Triad has launched an all-out attack on the Heart Kingdom and the Black Bulls.\nWhile Asta and company have gotten stronger, can … read more', 'https://hive.dmmserver.com/media/640/97819747/9781974721818.jpg', 'Yuki Tabata', 'Viz Media, Subs. of Shogakukan Inc', 'Black Clover, Vol. 25'),
	(83, 'Description\nIn a world of magic, Asta, a boy with anti-magic powers, will do whatever it takes to become the Wizard King!\nAsta is a young boy who dreams of becoming the greatest mage in the kingdom.\nOnly one problem-he can\'t use any magic! Luckily for Asta, he receives the incredibly rare five-leaf clover grimoire that gives him the power of anti-magic.\nCan someone who can\'t use magic really become the Wizard King?\nOne thing\'s for sure-Asta will never give up! As the tournament to choose the Royal Knights continues, Asta and his teammates battle against even tougher competition.\nThe key to victory may be … read more', 'https://hive.dmmserver.com/media/640/97819747/9781974702213.jpg', 'Yuki Tabata', 'Viz Media, Subs. of Shogakukan Inc', 'Black Clover, Vol. 14'),
	(84, 'Description\nIn a world of magic, Asta, a boy with anti-magic powers, will do whatever it takes to become the Wizard King!Asta is a young boy who dreams of becoming the greatest mage in the kingdom.\nOnly one problem-he can\'t use any magic! Luckily for Asta, he receives the incredibly rare five-leaf clover grimoire that gives him the power of anti-magic.\nCan someone who can\'t use magic really become the Wizard King?\nOne thing\'s for sure-Asta will never give up!To save Yami, the Black Bulls storm their way into enemy territory. And with a powered-up Asta joining the fight, the battle may be going their way.\n… read more', 'https://hive.dmmserver.com/media/640/97819747/9781974736256.jpg', 'Yuki Tabata', 'Viz Media, Subs. of Shogakukan Inc', 'Black Clover, Vol. 32'),
	(85, 'Description\nWhat would the world be like if 80 percent of the population manifested superpowers called "Quirks"?\nHeroes and villains would be battling it out everywhere!\nBeing a hero would mean learning to use your power, but where would you go to study?\nThe Hero Academy of course! But what would you do if you were one of the 20 percent who were born Quirkless?\nA sinister group of villains has attacked the first-year U.A. students, but their real target is All Might. It\'s all that Midoriya and his classmates can do to hold them off until reinforcements arrive.\nAll Might joins the battle to protect the kids, … read more', 'https://hive.dmmserver.com/media/640/97814215/9781421585109.jpg', 'Kohei Horikoshi', 'Viz Media, Subs. of Shogakukan Inc', 'My Hero Academia, Vol. 3'),
	(86, 'Description\nMidoriya inherits the superpower of the world\'s greatest hero, but greatness won\'t come easy. What would the world be like if 80 percent of the population manifested superpowers called "Quirks"?\nHeroes and villains would be battling it out everywhere!\nBeing a hero would mean learning to use your power, but where would you go to study?\nThe Hero Academy of course! But what would you do if you were one of the 20 percent who were born Quirkless?Knowing that All For One has put a target on his back, Midoriya has left U.A., hoping to draw the villains away from everyone he cares about.\nBut his … read more', 'https://hive.dmmserver.com/media/640/97819747/9781974734740.jpg', 'Kohei Horikoshi', 'Viz Media, Subs. of Shogakukan Inc', 'My Hero Academia, Vol. 33'),
	(87, 'Description\nWhat would the world be like if 80 percent of the population manifested superpowers called "Quirks"?\nHeroes and villains would be battling it out everywhere!\nBeing a hero would mean learning to use your power, but where would you go to study?\nThe Hero Academy of course! But what would you do if you were one of the 20 percent who were born Quirkless?\nThe U.A. students have reached the practical portion of their final exam, but they didn\'t expect to have to beat their own teachers in order to pass!\nPaired with his archrival Bakugo, Midoriya has to try to take on none other than All Might himself.\n… read more', 'https://hive.dmmserver.com/media/640/97814215/9781421591674.jpg', 'Kohei Horikoshi', 'Viz Media, Subs. of Shogakukan Inc', 'My Hero Academia, Vol. 8'),
	(88, 'Description\nWhat would the world be like if 80 percent of the population manifested superpowers called "Quirks"?\nHeroes and villains would be battling it out everywhere!\nBeing a hero would mean learning to use your power, but where would you go to study?\nThe Hero Academy of course! But what would you do if you were one of the 20 percent who were born Quirkless?\nIn the aftermath of the sports festival, the class 1-A students begin their internships.\nMidoriya goes to study under Gran Torino, who was once All Might\'s mentor.\nGran Torino appears to be a washed-up nutjob, but the old hero still has more moves than … read more', 'https://hive.dmmserver.com/media/640/97814215/9781421588667.jpg', 'Kohei Horikoshi', 'Viz Media, Subs. of Shogakukan Inc', 'My Hero Academia, Vol. 6'),
	(89, 'Description\nMidoriya inherits the superpower of the world\'s greatest hero, but greatness won\'t come easy. What would the world be like if 80 percent of the population manifested superpowers called "Quirks"?\nHeroes and villains would be battling it out everywhere!\nBeing a hero would mean learning to use your power, but where would you go to study?\nThe Hero Academy of course! But what would you do if you were one of the 20 percent who were born Quirkless?In the aftermath of the battle in Jaku City, the forces of good are reeling.\nWith so many heroes dead, it seems like society itself is on the verge of … read more', 'https://hive.dmmserver.com/media/640/97819747/9781974732128.jpg', 'Kohei Horikoshi', 'Viz Media, Subs. of Shogakukan Inc', 'My Hero Academia, Vol. 31'),
	(90, 'Description\nWhat would the world be like if 80 percent of the population manifested superpowers called "Quirks"?\nHeroes and villains would be battling it out everywhere!\nBeing a hero would mean learning to use your power, but where would you go to study?\nThe Hero Academy of course! But what would you do if you were one of the 20 percent who were born Quirkless?\nMidoriya has learned a few tricks from Gran Torino, but some things just have to be experienced to be understood.\nEven though he\'s not ready, when the League of Villains attacks in the town of Hosu, Midoriya rushes to help Ida, who is engaged in a life-… read more', 'https://hive.dmmserver.com/media/640/97814215/9781421590400.jpg', 'Kohei Horikoshi', 'Viz Media, Subs. of Shogakukan Inc', 'My Hero Academia, Vol. 7'),
	(91, 'Description\nWhat would the world be like if 80 percent of the population manifested superpowers called "Quirks"?\nHeroes and villains would be battling it out everywhere!\nBeing a hero would mean learning to use your power, but where would you go to study?\nThe Hero Academy of course! But what would you do if you were one of the 20 percent who were born Quirkless?\nIt\'s off to summer camp for Midoriya and the U.A. students! But this is no ordinary vacation-it\'s high-impact training where the students are expected to develop their Quirks even further!\nThe teachers have set up some tough challenges, but none will … read more', 'https://hive.dmmserver.com/media/640/97814215/9781421593401.jpg', 'Kohei Horikoshi', 'Viz Media, Subs. of Shogakukan Inc', 'My Hero Academia, Vol. 9'),
	(92, 'Description\nMidoriya inherits the superpower of the world\'s greatest hero, but greatness won\'t come easy. What would the world be like if 80 percent of the population manifested superpowers called "Quirks"?\nHeroes and villains would be battling it out everywhere!\nBeing a hero would mean learning to use your power, but where would you go to study?\nThe Hero Academy of course! But what would you do if you were one of the 20 percent who were born Quirkless?\nSummer vacation is over, and it\'s back to school for the students of U.A.\nHigh! But before classes can get started, Midoriya and Bakugo need to settle a … read more', 'https://hive.dmmserver.com/media/640/97814215/9781421599472.jpg', 'Kohei Horikoshi', 'Viz Media, Subs. of Shogakukan Inc', 'My Hero Academia, Vol. 14'),
	(93, 'Description\nMidoriya inherits the superpower of the world\'s greatest hero, but greatness won\'t come easy. What would the world be like if 80 percent of the population manifested superpowers called "Quirks"?\nHeroes and villains would be battling it out everywhere!\nBeing a hero would mean learning to use your power, but where would you go to study?\nThe Hero Academy of course! But what would you do if you were one of the 20 percent who were born Quirkless?\nA new and sinister enemy appears in the form of Chisaki Kai, the young leader of the Hassaikai yakuza gang.\nLooking to fill the power vacuum left by All … read more', 'https://hive.dmmserver.com/media/640/97819747/9781974701001.jpg', 'Kohei Horikoshi', 'Viz Media, Subs. of Shogakukan Inc', 'My Hero Academia, Vol. 15'),
	(94, 'Description\nMidoriya inherits the superpower of the world\'s greatest hero, but greatness won\'t come easy. What would the world be like if 80 percent of the population manifested superpowers called "Quirks"?\nHeroes and villains would be battling it out everywhere!\nBeing a hero would mean learning to use your power, but where would you go to study?\nThe Hero Academy of course! But what would you do if you were one of the 20 percent who were born Quirkless?Midoriya and Tomura have finally come to blows and the battle intensifies as Tomura tries to steal One For All.\nThe clash extends into the One For All … read more', 'https://hive.dmmserver.com/media/640/97819747/9781974727155.jpg', 'Kohei Horikoshi', 'Viz Media, Subs. of Shogakukan Inc', 'My Hero Academia, Vol. 30'),
	(95, 'Description\nMidoriya inherits the superpower of the world\'s greatest hero, but greatness won\'t come easy. What would the world be like if 80 percent of the population manifested superpowers called "Quirks"?\nHeroes and villains would be battling it out everywhere!\nBeing a hero would mean learning to use your power, but where would you go to study?\nThe Hero Academy of course! But what would you do if you were one of the 20 percent who were born Quirkless?\nThe students of Class 1-A have reached another milestone-the Provisional Licensing Exam.\nAfter making it through the first part of the test, they ready … read more', 'https://hive.dmmserver.com/media/640/97814215/9781421598031.jpg', 'Kohei Horikoshi', 'Viz Media, Subs. of Shogakukan Inc', 'My Hero Academia, Vol. 13'),
	(96, 'Description\nMidoriya inherits the superpower of the world\'s greatest hero, but greatness won\'t come easy. What would the world be like if 80 percent of the population manifested superpowers called "Quirks"?\nHeroes and villains would be battling it out everywhere!\nBeing a hero would mean learning to use your power, but where would you go to study?\nThe Hero Academy of course! But what would you do if you were one of the 20 percent who were born Quirkless?The all-out war against the Paranormal Liberation Front continues at the hospital and the mountain villa!\nMirko desperately battles High-Ends in order to … read more', 'https://hive.dmmserver.com/media/640/97819747/9781974722884.jpg', 'Kohei Horikoshi', 'Viz Media, Subs. of Shogakukan Inc', 'My Hero Academia, Vol. 28'),
	(97, 'Description\nMidoriya inherits the superpower of the world\'s greatest hero, but greatness won\'t come easy. What would the world be like if 80 percent of the population manifested superpowers called "Quirks"?\nHeroes and villains would be battling it out everywhere!\nBeing a hero would mean learning to use your power, but where would you go to study?\nThe Hero Academy of course! But what would you do if you were one of the 20 percent who were born Quirkless?Since the terrifying incident when Tomura\'s Quirk manifested, only the greatest villain of them all, All For One, has been able to speak to the broken … read more', 'https://hive.dmmserver.com/media/640/97819747/9781974717620.jpg', 'Kohei Horikoshi', 'Viz Media, Subs. of Shogakukan Inc', 'My Hero Academia, Vol. 25'),
	(98, 'Description\nWhat would the world be like if 80 percent of the population manifested superpowers called Quirks at age four?\nHeroes and villains would be battling it out everywhere!\nBeing a hero would mean learning to use your power, but where would you go to study?\nThe Hero Academy of course! But what would you do if you were one of the 20 percent who were born Quirkless?\nGetting into U.A. High School was difficult enough, but it was only the beginning of Izuku\'s long road toward becoming a superhero.\nThe new students all have some amazing powers, and although Izuku has inherited All Might\'s abilities, he can … read more', 'https://hive.dmmserver.com/media/640/97814215/9781421582702.jpg', 'Kohei Horikoshi', 'Viz Media, Subs. of Shogakukan Inc', 'My Hero Academia, Vol. 2'),
	(99, 'Description\nWhat would the world be like if 80 percent of the population manifested superpowers called "Quirks"?\nHeroes and villains would be battling it out everywhere!\nBeing a hero would mean learning to use your power, but where would you go to study?\nThe Hero Academy of course! But what would you do if you were one of the 20 percent who were born Quirkless?\nThe U.A. High sports festival is a chance for the budding heroes to show their stuff and find a superhero mentor.\nThe students have already struggled through a grueling preliminary round, but now they have to team up to prove they\'re capable of moving … read more', 'https://hive.dmmserver.com/media/640/97814215/9781421585116.jpg', 'Kohei Horikoshi', 'Viz Media, Subs. of Shogakukan Inc', 'My Hero Academia, Vol. 4'),
	(100, 'Description\nWhat would the world be like if 80 percent of the population manifested superpowers called "Quirks"?\nHeroes and villains would be battling it out everywhere!\nBeing a hero would mean learning to use your power, but where would you go to study?\nThe Hero Academy of course! But what would you do if you were one of the 20 percent who were born Quirkless?\nThe final stages of the U.A. High sports festival promise to be explosive as Uraraka takes on Bakugo in a head to head match!\nBakugo never gives anyone a break, and the crowd holds its breath as the battle begins.\nThe finals will push the students of … read more', 'https://hive.dmmserver.com/media/640/97814215/9781421587028.jpg', 'Kohei Horikoshi', 'Viz Media, Subs. of Shogakukan Inc', 'My Hero Academia, Vol. 5'),
	(101, 'Description\nMidoriya inherits the superpower of the world\'s greatest hero, but greatness won\'t come easy. What would the world be like if 80 percent of the population manifested superpowers called "Quirks"?\nHeroes and villains would be battling it out everywhere!\nBeing a hero would mean learning to use your power, but where would you go to study?\nThe Hero Academy of course! But what would you do if you were one of the 20 percent who were born Quirkless?\nThe League of Villains has kidnapped Bakugo, and the resulting negative publicity has thrown U.A. into a huge uproar. With the public\'s trust in heroes … read more', 'https://hive.dmmserver.com/media/640/97814215/9781421594378.jpg', 'Kohei Horikoshi', 'Viz Media, Subs. of Shogakukan Inc', 'My Hero Academia, Vol. 10'),
	(102, 'Description\nMidoriya inherits the superpower of the world\'s greatest hero, but greatness won\'t come easy. What would the world be like if 80 percent of the population manifested superpowers called "Quirks"?\nHeroes and villains would be battling it out everywhere!\nBeing a hero would mean learning to use your power, but where would you go to study?\nThe Hero Academy of course! But what would you do if you were one of the 20 percent who were born Quirkless?\nBakugo\'s abduction by the League of Villains was a carefully calculated move designed to draw out the Heroes-All Might in particular-and destroy them.\n… read more', 'https://hive.dmmserver.com/media/640/97814215/9781421595832.jpg', 'Kohei Horikoshi', 'Viz Media, Subs. of Shogakukan Inc', 'My Hero Academia, Vol. 11'),
	(103, 'Description\nMidoriya inherits the superpower of the world\'s greatest hero, but greatness won\'t come easy. What would the world be like if 80 percent of the population manifested superpowers called "Quirks"?\nHeroes and villains would be battling it out everywhere!\nBeing a hero would mean learning to use your power, but where would you go to study?\nThe Hero Academy of course! But what would you do if you were one of the 20 percent who were born Quirkless?\nThe final match of the battle training between Class A and Class B continues.\nZapped by Shinso\'s mind control, Midoriya enters a fugue state where he meets … read more', 'https://hive.dmmserver.com/media/640/97819747/9781974709663.jpg', 'Kohei Horikoshi', 'Viz Media, Subs. of Shogakukan Inc', 'My Hero Academia, Vol. 23'),
	(104, 'Description\nMidoriya inherits the superpower of the world\'s greatest hero, but greatness won\'t come easy. What would the world be like if 80 percent of the population manifested superpowers called "Quirks"?\nHeroes and villains would be battling it out everywhere!\nBeing a hero would mean learning to use your power, but where would you go to study?\nThe Hero Academy of course! But what would you do if you were one of the 20 percent who were born Quirkless?\nMidoriya is in the fight of his life-an all-out battle with Overhaul, who has unleashed all of his terrifying power.\nMidoriya is matching it with his own … read more', 'https://hive.dmmserver.com/media/640/97819747/9781974704378.jpg', 'Kohei Horikoshi', 'Viz Media, Subs. of Shogakukan Inc', 'My Hero Academia, Vol. 18'),
	(105, 'Description\nMidoriya inherits the superpower of the world\'s greatest hero, but greatness won\'t come easy. What would the world be like if 80 percent of the population manifested superpowers called "Quirks"?\nHeroes and villains would be battling it out everywhere!\nBeing a hero would mean learning to use your power, but where would you go to study?\nThe Hero Academy of course! But what would you do if you were one of the 20 percent who were born Quirkless?A new player emerges in the underground world of villains in the form of the Meta Liberation Army.\nLed by the CEO of the Detnerat Corporation, the MLA is … read more', 'https://hive.dmmserver.com/media/640/97819747/9781974711208.jpg', 'Kohei Horikoshi', 'Viz Media, Subs. of Shogakukan Inc', 'My Hero Academia, Vol. 24'),
	(106, 'Description\nMidoriya inherits the superpower of the world\'s greatest hero, but greatness won\'t come easy. What would the world be like if 80 percent of the population manifested superpowers called "Quirks"?\nHeroes and villains would be battling it out everywhere!\nBeing a hero would mean learning to use your power, but where would you go to study?\nThe Hero Academy of course! But what would you do if you were one of the 20 percent who were born Quirkless?\nThe raid on the Hassaikai gang is in full swing, and the heroes plunge into the darkness toward their ultimate confrontation.\nLemillion engages Overhaul … read more', 'https://hive.dmmserver.com/media/640/97819747/9781974702565.jpg', 'Kohei Horikoshi', 'Viz Media, Subs. of Shogakukan Inc', 'My Hero Academia, Vol. 17'),
	(107, 'Description\nMidoriya inherits the superpower of the world\'s greatest hero, but greatness won\'t come easy. What would the world be like if 80 percent of the population manifested superpowers called "Quirks"?\nHeroes and villains would be battling it out everywhere!\nBeing a hero would mean learning to use your power, but where would you go to study?\nThe Hero Academy of course! But what would you do if you were one of the 20 percent who were born Quirkless?\nThe Hassaikai crime gang, led by the young boss Chisaki, has been working on a plan to distribute a Quirk-destroying drug.\nThe key to this evil scheme … read more', 'https://hive.dmmserver.com/media/640/97819747/9781974702558.jpg', 'Kohei Horikoshi', 'Viz Media, Subs. of Shogakukan Inc', 'My Hero Academia, Vol. 16'),
	(108, 'Description\nMidoriya inherits the superpower of the world\'s greatest hero, but greatness won\'t come easy. What would the world be like if 80 percent of the population manifested superpowers called "Quirks"?\nHeroes and villains would be battling it out everywhere!\nBeing a hero would mean learning to use your power, but where would you go to study?\nThe Hero Academy of course! But what would you do if you were one of the 20 percent who were born Quirkless?\nWith All Might in retirement, Endeavor takes up the mantle of the number one hero, a position he\'s coveted for years.\nBut now that he has it, he\'s not … read more', 'https://hive.dmmserver.com/media/640/97819747/9781974707737.jpg', 'Kohei Horikoshi', 'Viz Media, Subs. of Shogakukan Inc', 'My Hero Academia, Vol. 20'),
	(109, 'Description\nMidoriya inherits the superpower of the world\'s greatest hero, but greatness won\'t come easy. What would the world be like if 80 percent of the population manifested superpowers called "Quirks"?\nHeroes and villains would be battling it out everywhere!\nBeing a hero would mean learning to use your power, but where would you go to study?\nThe Hero Academy of course! But what would you do if you were one of the 20 percent who were born Quirkless?\nClass 1-A is working on developing their ultimate moves-a process that will test their strength and creativity in all-new ways!\nTo help them out, Mei … read more', 'https://hive.dmmserver.com/media/640/97814215/9781421597010.jpg', 'Kohei Horikoshi', 'Viz Media, Subs. of Shogakukan Inc', 'My Hero Academia, Vol. 12'),
	(110, 'Description\nMidoriya inherits the superpower of the world\'s greatest hero, but greatness won\'t come easy. What would the world be like if 80 percent of the population manifested superpowers called "Quirks"?\nHeroes and villains would be battling it out everywhere!\nBeing a hero would mean learning to use your power, but where would you go to study?\nThe Hero Academy of course! But what would you do if you were one of the 20 percent who were born Quirkless?\nClass 1-A\'s joint battle training with Class B continues!\nClass 1-A get the first win in the best-of-five series of all-out Quirk battles, but after some … read more', 'https://hive.dmmserver.com/media/640/97819747/9781974709502.jpg', 'Kohei Horikoshi', 'Viz Media, Subs. of Shogakukan Inc', 'My Hero Academia, Vol. 21'),
	(111, 'Description\nMidoriya inherits the superpower of the world\'s greatest hero, but greatness won\'t come easy. What would the world be like if 80 percent of the population manifested superpowers called "Quirks"?\nHeroes and villains would be battling it out everywhere!\nBeing a hero would mean learning to use your power, but where would you go to study?\nThe Hero Academy of course! But what would you do if you were one of the 20 percent who were born Quirkless?\nIn the wake of tragedy, Class 1-A prepares for the upcoming culture festival.\nWhile the students are busy planning for success, other forces are at work … read more', 'https://hive.dmmserver.com/media/640/97819747/9781974704606.jpg', 'Kohei Horikoshi', 'Viz Media, Subs. of Shogakukan Inc', 'My Hero Academia, Vol. 19'),
	(112, 'Description\nMidoriya inherits the superpower of the world\'s greatest hero, but greatness won\'t come easy. What would the world be like if 80 percent of the population manifested superpowers called "Quirks"?\nHeroes and villains would be battling it out everywhere!\nBeing a hero would mean learning to use your power, but where would you go to study?\nThe Hero Academy of course! But what would you do if you were one of the 20 percent who were born Quirkless?\nIn the third match of the joint battle training, the students of Class 1-A have their hands full dealing with the unexpected creativity of Class B\'s Quirk … read more', 'https://hive.dmmserver.com/media/640/97819747/9781974709656.jpg', 'Kohei Horikoshi', 'Viz Media, Subs. of Shogakukan Inc', 'My Hero Academia, Vol. 22'),
	(113, 'Description\nMidoriya inherits the superpower of the world\'s greatest hero, but greatness won\'t come easy. What would the world be like if 80 percent of the population manifested superpowers called "Quirks"?\nHeroes and villains would be battling it out everywhere!\nBeing a hero would mean learning to use your power, but where would you go to study?\nThe Hero Academy of course! But what would you do if you were one of the 20 percent who were born Quirkless?The confrontation between the heroes and the villains of the Paranormal Liberation Front is about to kick off!\nWith so much at stake, even the students of U.… read more', 'https://hive.dmmserver.com/media/640/97819747/9781974721016.jpg', 'Kohei Horikoshi', 'Viz Media, Subs. of Shogakukan Inc', 'My Hero Academia, Vol. 27'),
	(114, 'Description\nMidoriya inherits the superpower of the world\'s greatest hero, but greatness won\'t come easy. What would the world be like if 80 percent of the population manifested superpowers called "Quirks"?\nHeroes and villains would be battling it out everywhere!\nBeing a hero would mean learning to use your power, but where would you go to study?\nThe Hero Academy of course! But what would you do if you were one of the 20 percent who were born Quirkless?Tomura Shigaraki has finally awakened, and as he begins to unleash his savage powers, the heroes realize it\'s going to take everyone and everything they … read more', 'https://hive.dmmserver.com/media/640/97819747/9781974725106.jpg', 'Kohei Horikoshi', 'Viz Media, Subs. of Shogakukan Inc', 'My Hero Academia, Vol. 29'),
	(115, 'Description\nMidoriya inherits the superpower of the world\'s greatest hero, but greatness won\'t come easy. What would the world be like if 80 percent of the population manifested superpowers called "Quirks"?\nHeroes and villains would be battling it out everywhere!\nBeing a hero would mean learning to use your power, but where would you go to study?\nThe Hero Academy of course! But what would you do if you were one of the 20 percent who were born Quirkless?Hawks and the Safety Commission have managed to get their hands on some top secret information.\nA big villain attack is coming, and the heroes must do all … read more', 'https://hive.dmmserver.com/media/640/97819747/9781974719778.jpg', 'Kohei Horikoshi', 'Viz Media, Subs. of Shogakukan Inc', 'My Hero Academia, Vol. 26'),
	(116, 'Desc', 'url', 'aut', 'Pub', 'tite'),
	(117, 'Description\nGoku\'s adventure from the best-selling classic manga Dragon Ball continues in this new series written by Akira Toriyama himself!Ever since Goku became Earth\'s greatest hero and gathered the seven Dragon Balls to defeat the evil Boo, his life on Earth has grown a little dull.\nBut new threats loom overhead, and Goku and his friends will have to defend the planet once again in this continuation of Akira Toriyama\'s best-selling series, Dragon Ball!The battle between Granolah, Goku, and Vegeta continues on planet Cereal.\nDespite this battle being fueled by the lies and manipulation of the Heeters, … read more', 'https://hive.dmmserver.com/media/640/97819747/9781974734511.jpg', 'Akira Toriyama', 'Viz Media, Subs. of Shogakukan Inc', 'Dragon Ball Super, Vol. 17'),
	(118, 'Description\nSci-Fi martial arts action!After years of training and adventure, Goku has become Earth\'s ultimate warrior. And his son, Gohan, shows even greater promise. But the stakes are increasing as even deadlier enemies threaten the planet.\nDRAGON BALL Z is the ultimate science fiction-martial arts manga. Son Goku is the greatest hero on Earth. Five years after defeating the demon king Piccolo, he\'s grown up and had a family--he\'s married, and he has a child, Son Gohan.\nBut what is the real reason for Goku\'s incredible strength?\nA visitor from outer space arrives bearing terrible news--Goku is an alien,… read more', 'https://hive.dmmserver.com/media/640/97815693/9781569319307.jpg', 'Akira Toriyama', 'Viz Media, Subs. of Shogakukan Inc', 'Dragon Ball Z, Vol. 1'),
	(119, 'Description\nA seminal series from a legendary creator. Dragon Ball, a wry update on the Chinese Monkey King myth, introduces us to Son Goku, a young monkey-tailed boy whose quiet life is turned upside-down when he meets Bulma, a girl determined to collect the seven Dragon Balls.\nIf she gathers them all, an incredibly powerful dragon will appear and grant her one wish.\nBut the precious orbs are scattered all over the world, and to get them she needs the help of a certain super-strong boy...', 'https://hive.dmmserver.com/media/640/97814215/9781421555645.jpg', 'Akira Toriyama', 'Viz Media, Subs. of Shogakukan Inc', 'Dragon Ball (3-in-1 Edition), Vol. 1 : Includes vols. 1, 2 & 3'),
	(120, 'Description\nEath\'s greatest hero...is from outerspace!Dragon Ball introduces a young monkey-tailed boy named Goku (a wry update of the classic Chinese "Monkey King" legend), whose quiet life changes when he meets a girl named Bulma who is on a quest to collect seven "Dragon Balls." If she gathers them all, an incredibly powerful dragon will appear and grant her one wish.\nBut the precious orbs are scattered all over the world, and Bulma could use the help of a certain super-strong boy... (In Japan, Dragon Ball and Dragon Ball Z were originally a single 42-volume series.\nVIZ Media\'s Dragon Ball contains vols.… read more', 'https://hive.dmmserver.com/media/640/97815693/9781569319208.jpg', 'Akira Toriyama', 'Viz Media, Subs. of Shogakukan Inc', 'Dragon Ball, Vol. 1'),
	(121, 'Description\nGoku\'s adventure from the best-selling classic manga Dragon Ball continues in this new series written by Akira Toriyama himself!Ever since Goku became Earth\'s greatest hero and gathered the seven Dragon Balls to defeat the evil Boo, his life on Earth has grown a little dull.\nBut new threats loom overhead, and Goku and his friends will have to defend the planet once again in this continuation of Akira Toriyama\'s best-selling series, Dragon Ball!Having acquired a new power of his own, Vegeta has returned home to Earth for a grudge match.\nHis Forced Spirit Fission is capable of separating Moro … read more', 'https://hive.dmmserver.com/media/640/97819747/9781974724635.jpg', 'Akira Toriyama', 'Viz Media, Subs. of Shogakukan Inc', 'Dragon Ball Super, Vol. 14'),
	(122, 'Description\nGoku\'s adventure from the best-selling classic manga Dragon Ball continues in this new series written by Akira Toriyama himself!Ever since Goku became Earth\'s greatest hero and gathered the seven Dragon Balls to defeat the evil Boo, his life on Earth has grown a little dull.\nBut new threats loom overhead, and Goku and his friends will have to defend the planet once again in this continuation of Akira Toriyama\'s best-selling series, Dragon Ball!Granolah is the last of the Cerealians, a people who were all but wiped out by the Saiyans and Freeza\'s army many years ago.\nWhen he learns that the long-… read more', 'https://hive.dmmserver.com/media/640/97819747/9781974732111.jpg', 'Akira Toriyama', 'Viz Media, Subs. of Shogakukan Inc', 'Dragon Ball Super, Vol. 16'),
	(123, 'Description\nGoku\'s adventure from the best-selling classic manga Dragon Ball continues in this new series written by Akira Toriyama himself!Ever since Goku became Earth\'s greatest hero and gathered the seven Dragon Balls to defeat the evil Boo, his life on Earth has grown a little dull.\nBut new threats loom overhead, and Goku and his friends will have to defend the planet once again in this continuation of Akira Toriyama\'s best-selling series, Dragon Ball!Goku finally manages to activate the complete version of Ultra Instinct, and he\'s got Moro on the ropes.\nHowever, Moro has one more trick up his sleeve...… read more', 'https://hive.dmmserver.com/media/640/97819747/9781974725175.jpg', 'Akira Toriyama', 'Viz Media, Subs. of Shogakukan Inc', 'Dragon Ball Super, Vol. 15'),
	(124, 'Description\nGoku\'s adventure from the best-selling classic manga Dragon Ball continues in this new series written by Akira Toriyama himself!\nEver since Goku became Earth\'s greatest hero and gathered the seven Dragon Balls to defeat the evil Boo, his life on Earth has grown a little dull.\nBut new threats loom overhead, and Goku and his friends will have to defend the planet once again in this continuation of Akira Toriyama\'s best-selling series, Dragon Ball!\nThe Universe 6 and 7 Invitational Fighting Tournament continues.\nGoku faces off against a guy who looks exactly like Freeza.\nHeck, the guy even has the … read more', 'https://hive.dmmserver.com/media/640/97814215/9781421596471.jpg', 'Akira Toriyama', 'Viz Media, Subs. of Shogakukan Inc', 'Dragon Ball Super, Vol. 2'),
	(125, 'Description\nGoku\'s adventure from the best-selling classic manga Dragon Ball continues in this new series written by Akira Toriyama himself!\nEver since Goku became Earth\'s greatest hero and gathered the seven Dragon Balls to defeat the evil Boo, his life on Earth has grown a little dull.\nBut new threats loom overhead, and Goku and his friends will have to defend the planet once again in this continuation of Akira Toriyama\'s best-selling series, Dragon Ball!\nGoku Black\'s identity has been revealed as Zamas, the lord of lords from Universe 10!\nBut he\'s not alone-his counterpart from the parallel universe has … read more', 'https://hive.dmmserver.com/media/640/97819747/9781974701445.jpg', 'Akira Toriyama', 'Viz Media, Subs. of Shogakukan Inc', 'Dragon Ball Super, Vol. 4'),
	(126, 'Description\nGoku\'s adventure from the best-selling classic manga Dragon Ball continues in this new series written by Akira Toriyama himself!Ever since Goku became Earth\'s greatest hero and gathered the seven Dragon Balls to defeat the evil Boo, his life on Earth has grown a little dull.\nBut new threats loom overhead, and Goku and his friends will have to defend the planet once again in this continuation of Akira Toriyama\'s best-selling series, Dragon Ball!The Tournament of Power is nearing its end, and only a few warriors from Universe 7 remain to fight Universe 11\'s Jiren.\nGoku struggles against Jiren\'s … read more', 'https://hive.dmmserver.com/media/640/97819747/9781974712366.jpg', 'Akira Toriyama', 'Viz Media, Subs. of Shogakukan Inc', 'Dragon Ball Super, Vol. 9'),
	(127, 'Description\nGoku\'s adventure from the best-selling classic manga Dragon Ball continues in this new series written by Akira Toriyama himself!Ever since Goku became Earth\'s greatest hero and gathered the seven Dragon Balls to defeat the evil Boo, his life on Earth has grown a little dull.\nBut new threats loom overhead, and Goku and his friends will have to defend the planet once again in this continuation of Akira Toriyama\'s best-selling series, Dragon Ball!The greatest warriors from across all of the universes are gathered at the Tournament of Power.\nKale, a Saiyan from Universe 6, is on a rampage that\'s … read more', 'https://hive.dmmserver.com/media/640/97819747/9781974709410.jpg', 'Akira Toriyama', 'Viz Media, Subs. of Shogakukan Inc', 'Dragon Ball Super, Vol. 8'),
	(128, 'Description\nGoku\'s adventure from the best-selling classic manga Dragon Ball continues in this new series written by Akira Toriyama himself!\nEver since Goku became Earth\'s greatest hero and gathered the seven Dragon Balls to defeat the evil Boo, his life on Earth has grown a little dull.\nBut new threats loom overhead, and Goku and his friends will have to defend the planet once again in this continuation of Akira Toriyama\'s best-selling series, Dragon Ball!\nThe Tournament of Power is about to begin! Warriors from all the universes gather to fight for their lives and the lives of everyone in their universes!… read more', 'https://hive.dmmserver.com/media/640/97819747/9781974707775.jpg', 'Akira Toriyama', 'Viz Media, Subs. of Shogakukan Inc', 'Dragon Ball Super, Vol. 7'),
	(129, 'Description\nGoku\'s adventure from the best-selling classic manga Dragon Ball continues in this new series written by Akira Toriyama himself!\nEver since Goku became Earth\'s greatest hero and gathered the seven Dragon Balls to defeat the evil Boo, his life on Earth has grown a little dull.\nBut new threats loom overhead, and Goku and his friends will have to defend the planet once again in this continuation of Akira Toriyama\'s best-selling series, Dragon Ball!\nThe battle for the fate of the parallel world rages on!\nWith Vegeta injured and his fusion with Goku failed, Goku must face off against God Zamas alone.… read more', 'https://hive.dmmserver.com/media/640/97819747/9781974704583.jpg', 'Akira Toriyama', 'Viz Media, Subs. of Shogakukan Inc', 'Dragon Ball Super, Vol. 5'),
	(130, 'Description\nGoku\'s adventure from the best-selling classic manga Dragon Ball continues in this new series written by Akira Toriyama himself!Ever since Goku became Earth\'s greatest hero and gathered the seven Dragon Balls to defeat the evil Boo, his life on Earth has grown a little dull.\nBut new threats loom overhead, and Goku and his friends will have to defend the planet once again in this continuation of Akira Toriyama\'s best-selling series, Dragon Ball!The Tournament of Power is over and Goku and Vegeta have embarked on a new adventure...in space!\nThe Galactic Patrol experiences its worst prison break … read more', 'https://hive.dmmserver.com/media/640/97819747/9781974715268.jpg', 'Akira Toriyama', 'Viz Media, Subs. of Shogakukan Inc', 'Dragon Ball Super, Vol. 10'),
	(131, 'Description\nGoku\'s adventure from the best-selling classic manga Dragon Ball continues in this new series written by Akira Toriyama himself!Ever since Goku became Earth\'s greatest hero and gathered the seven Dragon Balls to defeat the evil Boo, his life on Earth has grown a little dull.\nBut new threats loom overhead, and Goku and his friends will have to defend the planet once again in this continuation of Akira Toriyama\'s best-selling series, Dragon Ball!The villain Moro has released all of the vicious criminals from the Galactic Prison, and now they\'re ravaging the galaxy in search of planets with … read more', 'https://hive.dmmserver.com/media/640/97819747/9781974720019.jpg', 'Akira Toriyama', 'Viz Media, Subs. of Shogakukan Inc', 'Dragon Ball Super, Vol. 12'),
	(132, 'Description\nGoku\'s adventure from the best-selling classic manga Dragon Ball continues in this new series written by Akira Toriyama himself!Ever since Goku became Earth\'s greatest hero and gathered the seven Dragon Balls to defeat the evil Boo, his life on Earth has grown a little dull.\nBut new threats loom overhead, and Goku and his friends will have to defend the planet once again in this continuation of Akira Toriyama\'s best-selling series, Dragon Ball!The Great Lord of Lords awakens from inside of Boo to confront the evil Moro head-on.\nBut even the power of a god doesn\'t seem to be enough to stop this … read more', 'https://hive.dmmserver.com/media/640/97819747/9781974717613.jpg', 'Akira Toriyama', 'Viz Media, Subs. of Shogakukan Inc', 'Dragon Ball Super, Vol. 11'),
	(133, 'Description\nGoku\'s adventure from the best-selling classic manga Dragon Ball continues in this new series written by Akira Toriyama himself!Ever since Goku became Earth\'s greatest hero and gathered the seven Dragon Balls to defeat the evil Boo, his life on Earth has grown a little dull.\nBut new threats loom overhead, and Goku and his friends will have to defend the planet once again in this continuation of Akira Toriyama\'s best-selling series, Dragon Ball!Moro\'s goons have arrived on Earth, but the planet\'s protectors aren\'t about to go down without a fight!\nHowever, when Moro himself finally appears and … read more', 'https://hive.dmmserver.com/media/640/97819747/9781974722815.jpg', 'Akira Toriyama', 'Viz Media, Subs. of Shogakukan Inc', 'Dragon Ball Super, Vol. 13'),
	(134, 'Description\nThe Greatest Hero on Earth Goku and Piccolo finally face each other down in the final match of the Tenka\'ichi Budokai!\nPiccolo is ready and willing to unleash all his power to win-something Goku may hesitate to do.\nTaking down Piccolo is going to take all of Goku\'s skill and wits...and courage!\nBut after the tournament is over, life goes on. There will be new enemies to face and even more surprising new allies!', 'https://hive.dmmserver.com/media/640/97814215/9781421564715.jpg', 'Akira Toriyama', 'Viz Media, Subs. of Shogakukan Inc', 'Dragon Ball (3-in-1 Edition), Vol. 6 : Includes vols. 16, 17 & 18'),
	(135, 'Description\nSci-Fi martial arts action!After years of training and adventure, Goku has become Earth\'s ultimate warrior. And his son, Gohan, shows even greater promise. But the stakes are increasing as even deadlier enemies threaten the planet.\nDRAGON BALL Z is the ultimate science fiction-martial arts manga. Goku is dead--but his journey is just beginning. Now he must travel through the afterlife along the million-kilometer Serpent Road to find Kaio-sama, the Lord of Worlds, who will teach him martial arts techniques so powerful they\'re reserved for the gods! And he\'d better hurry, too, because Earth … read more', 'https://hive.dmmserver.com/media/640/97815693/9781569319314.jpg', 'Akira Toriyama', 'Viz Media, Subs. of Shogakukan Inc', 'Dragon Ball Z, Vol. 2'),
	(136, 'Description\nEath\'s greatest hero...is from outerspace!Dragon Ball introduces a young monkey-tailed boy named Goku (a wry update of the classic Chinese "Monkey King" legend), whose quiet life changes when he meets a girl named Bulma who is on a quest to collect seven "Dragon Balls." If she gathers them all, an incredibly powerful dragon will appear and grant her one wish.\nBut the precious orbs are scattered all over the world, and Bulma could use the help of a certain super-strong boy... (In Japan, Dragon Ball and Dragon Ball Z were originally a single 42-volume series.\nVIZ Media\'s Dragon Ball contains vols.… read more', 'https://hive.dmmserver.com/media/640/97815693/9781569319239.jpg', 'Akira Toriyama', 'Viz Media, Subs. of Shogakukan Inc', 'Dragon Ball, Vol. 4'),
	(137, 'Description\nThe World\'s Most Evil Crime Organization You do not want to mess with the Red Ribbon Army.\nTo get what they want, they\'ll sic you with scary thugs, machine gunfire, and even torpedoes!\nOnly Son Goku would think nothing of challenging this evil crime organization-anything to get back the one Dragon Ball his grandfather gave him.\nAs the Red Ribbon Army closes in on Goku and his friends, Goku must face an array of opponents while preventing all seven Dragon Balls from falling into evil hands.\nFirst, there\'s cruel General Blue, who has a mysterious power up his sleeve.\nThen there\'s master assassin … read more', 'https://hive.dmmserver.com/media/640/97814215/9781421555669.jpg', 'Akira Toriyama', 'Viz Media, Subs. of Shogakukan Inc', 'Dragon Ball (3-in-1 Edition), Vol. 3 : Includes vols. 7, 8 & 9'),
	(138, 'Description\nEnter TrunksAs the battle on Namek turns the entire planet into a fireball, Goku and Freeza fight it out to the end--and Goku makes a fateful decision.\nAwaiting Goku\'s return from outer space, Earth\'s heroes are shocked to find another, faster spaceship heading towards them--Freeza is back, stronger than ever, swearing to destroy the Earth before Goku can get there to defend it!\nBut as the heroes prepare to make one last stand, another mysterious warrior appears out of nowhere.\nHis name is Trunks, and he has come to warn the heroes about an enemy who makes Freeza look like a walk in the park...', 'https://hive.dmmserver.com/media/640/97815693/9781569319857.jpg', 'Akira Toriyama', 'Viz Media, Subs. of Shogakukan Inc', 'Dragon Ball Z, Vol. 12'),
	(139, 'Description\nAfter years of training and adventure, Goku has become Earth\'s ultimate warrior. And his son, Gohan, shows even greater promise. But the strikes are increasing as even deadlier enemies threaten the planet.\nMore action-packed than the stories of Goku\'s youth, Dragon Ball Zis the ultimate science fiction martial arts manga.\nGet ready for action as time travellers, aliens, deities and the mighty Super Saiyans clash over the fate of the universe!\nOn the green skies and blue plains of Planet Namek, a war rages between two equally evil forces: Emperor Freeza, who wants to use Namek\'s Dragon Balls to … read more', 'https://hive.dmmserver.com/media/640/97815693/9781569319352.jpg', 'Akira Toriyama', 'Viz Media, Subs. of Shogakukan Inc', 'Dragon Ball Z, Vol. 6'),
	(140, 'Description\nForced to ally with Vegeta against their common enemy, Gohan and Kuririn fight desperately against Freeza\'s elite troops, the seemingly unstoppable Ginyu Force!\nBut the tables may be turning as Son Goku finally arrives on Planet Namek, his strength and speed increased ten-fold by training under 100 times Earth\'s gravity!\nCould Goku have become the legendary "Super Saiyan"!? And even if they defeat Captain Ginyu, can they prevent Freeza from wishing for immortality on the Dragon Balls - and Vegeta from betraying them and doing the same?', 'https://hive.dmmserver.com/media/640/97815693/9781569319376.jpg', 'Akira Toriyama', 'Viz Media, Subs. of Shogakukan Inc', 'Dragon Ball Z, Vol. 8'),
	(141, 'Description\nContaining volumes 4, 5 and 6 of Naruto. In the Land of Waves, Naruto and his teammates Sakura and Sasuke, along with their sensei Kakashi, struggle to protect the bridge builder Tazuna and his family from Gato\'s hired thugs.\nWhen one of Naruto\'s friends falls in battle, Naruto is faced with the most difficult choice of his life.\nHow far will he go to protect his friends? And does he have what it takes to be a hero?', 'https://hive.dmmserver.com/media/640/97814215/9781421539904.jpg', 'Masashi Kishimoto', 'Viz Media, Subs. of Shogakukan Inc', 'Naruto (3-in-1 Edition), Vol. 2 : Includes vols. 4, 5 & 6'),
	(142, 'Description\nNaruto is a ninja-in-training with a need for attention, a knack for mischief, and sealed within him, a strange, formidable power.\nHis antics amuse his instructor Kakashi and irritate his teammates, intense Sasuke and witty Sakura, but Naruto is serious about becoming the greatest ninja in the village of Konohagakure!Naruto, Sasuke and Sakura have passed the final test to become junior ninja - but now the real challenge begins.\nTired of menial tasks, the young ninja ask for a tougher assignment and find themselves - together with their teacher, Kakashi - bodyguarding a cranky old man from the … read more', 'https://hive.dmmserver.com/media/640/97815911/9781591161783.jpg', 'Masashi Kishimoto', 'Viz Media, Subs. of Shogakukan Inc', 'Naruto, Vol. 2'),
	(143, 'Description\nContaining volumes 7, 8 and 9 of Naruto! Naruto, Sasuke and Sakura passed the written portion of the Chunin Exam, but that was only the beginning!\nNow in the thick of the exam\'s second phase, held in the aptly named Forest of Death, instructor Mitarashi Anko has promised to cut the number of advancing teams by half. And a mysterious predator in their midst is after Sasuke!', 'https://hive.dmmserver.com/media/640/97814215/9781421539911.jpg', 'Masashi Kishimoto', 'Viz Media, Subs. of Shogakukan Inc', 'Naruto (3-in-1 Edition), Vol. 3 : Includes vols. 7, 8 & 9'),
	(144, 'Description\nNaruto is a ninja-in-training with a need for attention, a knack for mischief, and sealed within him, a strange, formidable power.\nHis antics amuse his instructor Kakashi and irritate his teammates, intense Sasuke and witty Sakura, but Naruto is serious about becoming the greatest ninja in the village of Konohagakure!\nIn the course of their training, student ninjas Naruto, Sakura and Sasuke have fought deadly assassins, learned incredible feats of magic and martial arts, and danced along the brink of death.\nNow they\'re facing the most terrifying challenge of all: exams.\nThe three ninjas-in-… read more', 'https://hive.dmmserver.com/media/640/97815911/9781591163596.jpg', 'Masashi Kishimoto', 'Viz Media, Subs. of Shogakukan Inc', 'Naruto, Vol. 5'),
	(145, 'Description\nNaruto is a young shinobi with an incorrigible knack for mischief.\nHe\'s got a wild sense of humor, but Naruto is completely serious about his mission to be the world\'s greatest ninja!\nIt\'s all-out shinobi war as Naruto, Tsunade, Jiraiya and Shizune take on Orochimaru and Kabuto in battle.\nThe aftermath of combat lands Lee in the hospital. Meanwhile Naruto, Sasuke and Sakura hurl toward an uncertain future, and an ever-angry Sasuke makes a terrible choice of new teammates.\nTsunade sends Naruto, Neji and others to hunt him down, but the Sound Four looms dangerously close.', 'https://hive.dmmserver.com/media/640/97814215/9781421554952.jpg', 'Masashi Kishimoto', 'Viz Media, Subs. of Shogakukan Inc', 'Naruto (3-in-1 Edition), Vol. 7 : Includes vols. 19, 20 & 21'),
	(146, 'Description\nWith only a few matches left to be fought in the preliminaries to the third portion of the Chunin Ninja Selection Exams, the bout between Gaara and Rock Lee begins. And in preparation for the finals, Naruto struggles to harness the power of the Nine-Tailed Fox chakra locked within him.\nToo bad his first opponent is considered a genius!', 'https://hive.dmmserver.com/media/640/97814215/9781421554884.jpg', 'Masashi Kishimoto', 'Viz Media, Subs. of Shogakukan Inc', 'Naruto (3-in-1 Edition), Vol. 4 : Includes vols. 10, 11 & 12'),
	(147, 'Description\nThe ninja adventures continue with Naruto\'s son, Boruto!Naruto was a young shinobi with an incorrigible knack for mischief.\nHe achieved his dream to become the greatest ninja in his village, and now his face sits atop the Hokage monument.\nBut this is not his story... A new generation of ninja is ready to take the stage, led by Naruto\'s own son, Boruto!As the last remaining member of Kara, Code begins his plan for revenge against Boruto, Kawaki, and the others who took down Isshiki.\nHis first move is to awaken an ally with a terrifying ability.\nMeanwhile, a determined Boruto has some plans of his own.', 'https://hive.dmmserver.com/media/640/97819747/9781974732326.jpg', 'Masashi Kishimoto', 'Viz Media, Subs. of Shogakukan Inc', 'Boruto: Naruto Next Generations, Vol. 15'),
	(148, 'Description\nThe ninja adventures continue with Naruto\'s son, Boruto!Naruto was a young shinobi with an incorrigible knack for mischief.\nHe achieved his dream to become the greatest ninja in his village, and now his face sits atop the Hokage monument.\nBut this is not his story... A new generation of ninja is ready to take the stage, led by Naruto\'s own son, Boruto!In order to defeat Ohtsutsuki Isshiki and protect the village, Naruto and Kurama use their ultimate trump card.\nThis new mode may give them the power to win, but only at the cost of their lives.\nWill it be enough?', 'https://hive.dmmserver.com/media/640/97819747/9781974729678.jpg', 'Masashi Kishimoto', 'Viz Media, Subs. of Shogakukan Inc', 'Boruto: Naruto Next Generations, Vol. 14'),
	(149, 'Description\nThe Official Character Data Book has all you need to stay the expert on all things Naruto.\nWhether you\'re catching up, brushing up, or just getting started with the goings-on in the ninja world, this handy, huge guide covers all the way up to Volume 43 of the best-selling manga.\nInside these pages, you\'ll find never-before-revealed data, secrets and scandals involving your favourite (and your most-hated) shinobi.\nPlus, a new manga that you can\'tfind anywhere else!', 'https://hive.dmmserver.com/media/640/97814215/9781421541259.jpg', 'Masashi Kishimoto', 'Viz Media, Subs. of Shogakukan Inc', 'Naruto: The Official Character Data Book'),
	(150, 'Description\nNaruto is a ninja-in-training with a need for attention, a knack for mischief, and sealed within him, a strange, formidable power.\nHis antics amuse his instructor Kakashi and irritate his teammates, intense Sasuki and witty Sakura, but Naruto is serious about becoming the greatest ninja in the village of Konohagakure!\nIn another world, ninja are the ultimate power - and in the village of Konohagakure live the stealthiest ninja in the world.\nBut twelve years ago Konohagakure was attacked by a fearsome threat - a nine-tailed fox demon which claims the life of the Hokage, the village champion.\n… read more', 'https://hive.dmmserver.com/media/640/97815693/9781569319000.jpg', 'Masashi Kishimoto', 'Viz Media, Subs. of Shogakukan Inc', 'Naruto, Vol. 1'),
	(151, 'Description\nNaruto is a ninja-in-training with a need for attention, a knack for mischief, and sealed within him, a strange, formidable power.\nHis antics amuse his instructor Kakashi and irritate his teammates, intense Sasuke and witty Sakura, but Naruto is serious about becoming the greatest ninja in the village of Konohagakure!\nWith only a few matches left to be fought in the preliminaries to the third portion of the Journeyman Ninja Selection Exams, the highly anticipated bout between mysterious Sand ninja Gaara and intense, earnest Konoha ninja Rock Lee begins.\nWill Gaara\'s bloodlust and his strange … read more', 'https://hive.dmmserver.com/media/640/97814215/9781421502403.jpg', 'Masashi Kishimoto', 'Viz Media, Subs. of Shogakukan Inc', 'Naruto, Vol. 10'),
	(152, 'Description\nThe ninja adventures continue with Naruto\'s son, Boruto!Naruto was a young shinobi with an incorrigible knack for mischief.\nHe achieved his dream to become the greatest ninja in his village, and now his face sits atop the Hokage monument.\nBut this is not his story... A new generation of ninja is ready to take the stage, led by Naruto\'s own son, Boruto!Now with the mysterious Eida at his side, Code continues his march for revenge against Boruto and Konoha village.\nEven with Naruto and Sasuke on alert, stopping Code and his warping ability may be impossible.\nHowever, Kawaki seems to have some … read more', 'https://hive.dmmserver.com/media/640/97819747/9781974734726.jpg', 'Masashi Kishimoto', 'Viz Media, Subs. of Shogakukan Inc', 'Boruto: Naruto Next Generations, Vol. 16'),
	(153, 'Description\nNaruto is a ninja-in-training with a need for attention, a knack for mischief and, sealed within him, a strange, formidable power.\nHis antics amuse his instructor Kakashi and irritate his teammates, intense Sasuke and witty Sakura, but Naruto is serious about becoming the greatest ninja in the village of Konohagakure!\nThe tension between Naruto and Gaara builds, and Naruto finds himself not only understanding his rival but also sympathizing with him.\nBut that doesn\'t mean he\'s gone soft. As Gaara continues to mutate, Naruto prepares for the fight of his life!', 'https://hive.dmmserver.com/media/640/97814215/9781421510897.jpg', 'Masashi Kishimoto', 'Viz Media, Subs. of Shogakukan Inc', 'Naruto, Vol. 15'),
	(154, 'Description\nDeath in the village! When the dust settles from Orochimaru\'s attack, the shinobi find that not everyone has survived.\nWhile the ninja mourn, an unlikely candidate is chosen for greatness, a long-lost ninja returns with a dangerous entourage, and Naruto finds his life in more turmoil than ever before.', 'https://hive.dmmserver.com/media/640/97814215/9781421510903.jpg', 'Masashi Kishimoto', 'Viz Media, Subs. of Shogakukan Inc', 'Naruto, Vol. 16'),
	(155, 'Description\nWhat does Sasuke\'s older brother want with Naruto? As Jiraiya trains Naruto to push beyond his limits, secrets of the past are revealed, and a mysterious shinobi who could change everything begins to take centre stage.', 'https://hive.dmmserver.com/media/640/97814215/9781421516523.jpg', 'Masashi Kishimoto', 'Viz Media, Subs. of Shogakukan Inc', 'Naruto, Vol. 17'),
	(156, 'Description\nSuccessor It\'s all-out shinobi war as Naruto, Tsunade, Jiraiya and Shizune take on Orochimaru and Kabuto in battle...with the final fate of Tsunade hanging on the outcome!\nWill her darkest fears finally become reality?!', 'https://hive.dmmserver.com/media/640/97814215/9781421516547.jpg', 'Masashi Kishimoto', 'Viz Media, Subs. of Shogakukan Inc', 'Naruto, Vol. 19'),
	(157, 'Description\nNaruto must decipher the cryptic last words of his beloved mentor.\nWhat did Jiraiya find out about the leader of the Akatsuki that was so important he had to hide it in code? And can Naruto stand a fighting chance against those who managed to take down one of the Three Great Shinobi?', 'https://hive.dmmserver.com/media/640/97814215/9781421531359.jpg', 'Masashi Kishimoto', 'Viz Media, Subs. of Shogakukan Inc', 'Naruto, Vol. 45'),
	(158, 'Description\nNaruto is a young shinobi with an incorrigible knack for mischief.\nHe\'s got a wild sense of humor, but Naruto is completely serious about his mission to be the world\'s greatest ninja!', 'https://hive.dmmserver.com/media/640/97814215/9781421534978.jpg', 'Masashi Kishimoto', 'Viz Media, Subs. of Shogakukan Inc', 'Naruto, Vol. 50'),
	(159, 'Description\nThe first half of Volume 27 covers the end of Part One of Naruto.\nWe catch up on all the ninja\'s that took part in the Sasuke Retrieval mission, and we find out what all our favourite ninja\'s plan to do over the two and a half years before the time-skip.\nPart One then ends with a chilling image of what is to come in Part Two.\nThe second half, however is what makes this book unique.\nIt covers the story of how Kakashi got his Sharingan.\nA heartbreaking and yet deep insight into how Kakashi\'s personality was shaped to be what it is now.', 'https://hive.dmmserver.com/media/640/97814215/9781421518633.jpg', 'Masashi Kishimoto', 'Viz Media, Subs. of Shogakukan Inc', 'Naruto, Vol. 27'),
	(160, 'Description\nMadara of the Akatsuki joins the fray on the battlefield.\nHis powerful attacks, and a secret plan, take their toll on the Allied Shinobi Forces.\nNaruto and Bee rush to help their friends, but the leader of the Cloud Village will do anything to stop Naruto from risking his life - even if he has to fight Naruto to do it!', 'https://hive.dmmserver.com/media/640/97814215/9781421543062.jpg', 'Masashi Kishimoto', 'Viz Media, Subs. of Shogakukan Inc', 'Naruto, Vol. 57'),
	(161, 'Description\nNaruto is a young shinobi with an incorrigible knack for mischief.\nHe\'s got a wild sense of humor, but Naruto is completely serious about his mission to be the world\'s greatest ninja!\nWith Obito finally defeated, all attention now turns to the man behind everything bad that has happened, Madara.\nNaruto and Sasuke will need to work together if they have any chance of stopping this fearsome foe.\nBut what will happen when the Nine Tails fox demon is forcibly removed from Naruto?!', 'https://hive.dmmserver.com/media/640/97814215/9781421578569.jpg', 'Masashi Kishimoto', 'Viz Media, Subs. of Shogakukan Inc', 'Naruto, Vol. 69'),
	(162, 'Description\nUnorthodox Kankuro, Temari and Gaara unexpectedly aid Konohagakure against the Sound Ninja.\nCould they have another purpose besides rekindling the old alliance between Leaf and Sand?', 'https://hive.dmmserver.com/media/640/97814215/9781421518602.jpg', 'Masashi Kishimoto', 'Viz Media, Subs. of Shogakukan Inc', 'Naruto, Vol. 24'),
	(163, 'Description\nNaruto is a young shinobi with an incorrigible knack for mischief.\nHe\'s got a wild sense of humor, but Naruto is completely serious about his mission to be the world\'s greatest ninja! Orochimaru\'s nefarious plans for Sasuke are revealed, and Naruto vows to save his friend.\nBut first he and the others must battle the mysterious Kimimaro, who has deadly past ties to the Sound Ninja Four!\nKankuro, Temari and Gaara unexpectedly aid Konohagakure against the Sound Ninja.\nBut what is behind this rekindling of the Leaf and Sand alliance?', 'https://hive.dmmserver.com/media/640/97814215/9781421564517.jpg', 'Masashi Kishimoto', 'Viz Media, Subs. of Shogakukan Inc', 'Naruto (3-in-1 Edition), Vol. 8 : Includes vols. 22, 23 & 24'),
	(164, 'Description\nNaruto is a young shinobi with an incorrigible knack for mischief.\nHe\'s got a wild sense of humor, but Naruto is completely serious about his mission to be the world\'s greatest ninja!\nIt\'s Deidara vs. Sasuke, but even Deidara\'s Ultimate Art may be no match for the all-powerful new Sasuke.\nThe battle culminates in a giant explosion, leaving members of Team Kakashi concerned, especially when Karin cannot sense Sasuke\'s chakra.\nPlus, deep inside the Land of Rain lies an Akatsuki secret that sheds doubt on the organization\'s true intentions, as well as their mysterious leader, Pain.', 'https://hive.dmmserver.com/media/640/97814215/9781421582542.jpg', 'Masashi Kishimoto', 'Viz Media, Subs. of Shogakukan Inc', 'Naruto (3-in-1 Edition), Vol. 14 : Includes vols. 40, 41 & 42');
/*!40000 ALTER TABLE `manga` ENABLE KEYS */;

-- Dumping structure for table comparison.manga_volume
CREATE TABLE IF NOT EXISTS `manga_volume` (
  `isbn` bigint(20) NOT NULL,
  `manga_id` int(11) DEFAULT NULL COMMENT 'FK - id in "manga"',
  `format` text,
  PRIMARY KEY (`isbn`),
  KEY `manga_id` (`manga_id`)
) ENGINE=InnoDB DEFAULT CHARSET=latin1;

-- Dumping data for table comparison.manga_volume: ~104 rows (approximately)
/*!40000 ALTER TABLE `manga_volume` DISABLE KEYS */;
REPLACE INTO `manga_volume` (`isbn`, `manga_id`, `format`) VALUES
	(123, 116, 'ebook'),
	(9781421500812, 7, 'Paperback '),
	(9781421502403, 151, 'Paperback '),
	(9781421502717, 31, 'Paperback '),
	(9781421504032, 9, 'Paperback '),
	(9781421506111, 10, 'Paperback '),
	(9781421506128, 14, 'Paperback '),
	(9781421506135, 11, 'Paperback '),
	(9781421506142, 27, 'Paperback '),
	(9781421510415, 13, 'Paperback '),
	(9781421510422, 29, 'Paperback '),
	(9781421510439, 28, 'Paperback '),
	(9781421510446, 30, 'Paperback '),
	(9781421510897, 153, 'Paperback '),
	(9781421510903, 154, 'Paperback '),
	(9781421516035, 17, 'Paperback '),
	(9781421516523, 155, 'Paperback '),
	(9781421516547, 156, 'Paperback '),
	(9781421518602, 162, 'Paperback '),
	(9781421518633, 159, 'Paperback '),
	(9781421523859, 19, 'Paperback '),
	(9781421523880, 33, 'Paperback '),
	(9781421526102, 24, 'Paperback '),
	(9781421531359, 157, 'Paperback '),
	(9781421532271, 32, 'Paperback '),
	(9781421533124, 21, 'Paperback '),
	(9781421534978, 158, 'Paperback '),
	(9781421535975, 22, 'Paperback '),
	(9781421539904, 141, 'Paperback '),
	(9781421539911, 143, 'Paperback '),
	(9781421539935, 1, 'Paperback '),
	(9781421541259, 149, 'Paperback '),
	(9781421541372, 16, 'Paperback '),
	(9781421542300, 3, 'Paperback '),
	(9781421543031, 36, 'Paperback '),
	(9781421543062, 160, 'Paperback '),
	(9781421554761, 40, 'Paperback '),
	(9781421554884, 146, 'Paperback '),
	(9781421554952, 145, 'Paperback '),
	(9781421555645, 119, 'Paperback '),
	(9781421555669, 137, 'Paperback '),
	(9781421564517, 163, 'Paperback '),
	(9781421564586, 26, 'Paperback '),
	(9781421564715, 134, 'Paperback '),
	(9781421576817, 8, 'Paperback '),
	(9781421578552, 18, 'Paperback '),
	(9781421578569, 161, 'Paperback '),
	(9781421580814, 38, 'Paperback '),
	(9781421582542, 164, 'Paperback '),
	(9781421582627, 12, 'Paperback '),
	(9781421582696, 44, 'Paperback '),
	(9781421582702, 98, 'Paperback '),
	(9781421582719, 47, 'Paperback '),
	(9781421585062, 20, 'Paperback '),
	(9781421585109, 85, 'Paperback '),
	(9781421585116, 99, 'Paperback '),
	(9781421587011, 39, 'Paperback '),
	(9781421587028, 100, 'Paperback '),
	(9781421587189, 72, 'Paperback '),
	(9781421587196, 60, 'Paperback '),
	(9781421587202, 73, 'Paperback '),
	(9781421588667, 88, 'Paperback '),
	(9781421588674, 34, 'Paperback '),
	(9781421590233, 74, 'Paperback '),
	(9781421590400, 90, 'Paperback '),
	(9781421590950, 15, 'Paperback '),
	(9781421591582, 75, 'Paperback '),
	(9781421591674, 87, 'Paperback '),
	(9781421593401, 91, 'Paperback '),
	(9781421594323, 76, 'Paperback '),
	(9781421594347, 37, 'Paperback '),
	(9781421594378, 101, 'Paperback '),
	(9781421595177, 62, 'Paperback '),
	(9781421595832, 102, 'Paperback '),
	(9781421596020, 35, 'Paperback '),
	(9781421596464, 77, 'Paperback '),
	(9781421596471, 124, 'Paperback '),
	(9781421597010, 109, 'Paperback '),
	(9781421597638, 61, 'Paperback '),
	(9781421598031, 95, 'Paperback '),
	(9781421598185, 79, 'Paperback '),
	(9781421599472, 92, 'Paperback '),
	(9781569319000, 150, 'Paperback '),
	(9781569319208, 120, 'Paperback '),
	(9781569319239, 136, 'Paperback '),
	(9781569319307, 118, 'Paperback '),
	(9781569319314, 135, 'Paperback '),
	(9781569319352, 139, 'Paperback '),
	(9781569319376, 140, 'Paperback '),
	(9781569319857, 138, 'Paperback '),
	(9781591161783, 142, 'Paperback '),
	(9781591163596, 144, 'Paperback '),
	(9781591164418, 2, 'Paperback '),
	(9781591164425, 23, 'Paperback '),
	(9781591164456, 4, 'Paperback '),
	(9781591167280, 6, 'Paperback '),
	(9781591168072, 5, 'Paperback '),
	(9781591168720, 25, 'Paperback '),
	(9781974700400, 64, 'Paperback '),
	(9781974701001, 93, 'Paperback '),
	(9781974701049, 63, 'Paperback '),
	(9781974701445, 125, 'Paperback '),
	(9781974701599, 50, 'Paperback '),
	(9781974701858, 53, 'Paperback '),
	(9781974702213, 83, 'Paperback '),
	(9781974702558, 107, 'Paperback '),
	(9781974702565, 106, 'Paperback '),
	(9781974704378, 104, 'Paperback '),
	(9781974704545, 67, 'Paperback '),
	(9781974704583, 129, 'Paperback '),
	(9781974704606, 111, 'Paperback '),
	(9781974705139, 81, 'Paperback '),
	(9781974706167, 66, 'Paperback '),
	(9781974707416, 80, 'Paperback '),
	(9781974707737, 108, 'Paperback '),
	(9781974707775, 128, 'Paperback '),
	(9781974708789, 78, 'Paperback '),
	(9781974709410, 127, 'Paperback '),
	(9781974709502, 110, 'Paperback '),
	(9781974709656, 112, 'Paperback '),
	(9781974709663, 103, 'Paperback '),
	(9781974710171, 65, 'Paperback '),
	(9781974711208, 105, 'Paperback '),
	(9781974712366, 126, 'Paperback '),
	(9781974714766, 68, 'Paperback '),
	(9781974715015, 71, 'Paperback '),
	(9781974715268, 130, 'Paperback '),
	(9781974717613, 132, 'Paperback '),
	(9781974717620, 97, 'Paperback '),
	(9781974718108, 70, 'Paperback '),
	(9781974719778, 115, 'Paperback '),
	(9781974720002, 56, 'Paperback '),
	(9781974720019, 131, 'Paperback '),
	(9781974721016, 113, 'Paperback '),
	(9781974721559, 46, 'Paperback '),
	(9781974721818, 82, 'Paperback '),
	(9781974722815, 133, 'Paperback '),
	(9781974722884, 96, 'Paperback '),
	(9781974723379, 69, 'Paperback '),
	(9781974724079, 52, 'Paperback '),
	(9781974724475, 49, 'Paperback '),
	(9781974724635, 121, 'Paperback '),
	(9781974725106, 114, 'Paperback '),
	(9781974725144, 58, 'Paperback '),
	(9781974725168, 51, 'Paperback '),
	(9781974725175, 123, 'Paperback '),
	(9781974727155, 94, 'Paperback '),
	(9781974727162, 45, 'Paperback '),
	(9781974727179, 42, 'Paperback '),
	(9781974727186, 59, 'Paperback '),
	(9781974729678, 148, 'Paperback '),
	(9781974730025, 57, 'Paperback '),
	(9781974732111, 122, 'Paperback '),
	(9781974732128, 89, 'Paperback '),
	(9781974732319, 54, 'Paperback '),
	(9781974732326, 147, 'Paperback '),
	(9781974732364, 48, 'Paperback '),
	(9781974732371, 41, 'Paperback '),
	(9781974734252, 43, 'Paperback '),
	(9781974734368, 55, 'Paperback '),
	(9781974734511, 117, 'Paperback '),
	(9781974734726, 152, 'Paperback '),
	(9781974734740, 86, 'Paperback '),
	(9781974736256, 84, 'Paperback ');
/*!40000 ALTER TABLE `manga_volume` ENABLE KEYS */;

/*!40101 SET SQL_MODE=IFNULL(@OLD_SQL_MODE, '') */;
/*!40014 SET FOREIGN_KEY_CHECKS=IF(@OLD_FOREIGN_KEY_CHECKS IS NULL, 1, @OLD_FOREIGN_KEY_CHECKS) */;
/*!40101 SET CHARACTER_SET_CLIENT=@OLD_CHARACTER_SET_CLIENT */;
